2026-09-30 08:40:39 [http-nio-8080-exec-5] DEBUG org.hibernate.SQL - 
    select
        b1_0.id,
        b1_0.author,
        b1_0.available_copies,
        b1_0.created_at,
        b1_0.created_by,
        b1_0.isbn,
        b1_0.title,
        b1_0.updated_at,
        b1_0.updated_by 
    from
        books b1_0
2026-09-30 08:41:47 [SpringApplicationShutdownHook] INFO  o.s.boot.tomcat.GracefulShutdown - Commencing graceful shutdown. Waiting for active requests to complete
2026-09-30 08:41:47 [tomcat-shutdown] INFO  o.s.boot.tomcat.GracefulShutdown - Graceful shutdown complete
2026-09-30 08:41:47 [SpringApplicationShutdownHook] INFO  o.s.o.j.LocalContainerEntityManagerFactoryBean - Closing JPA EntityManagerFactory for persistence unit 'default'
2026-09-30 08:41:47 [SpringApplicationShutdownHook] INFO  com.zaxxer.hikari.HikariDataSource - HikariPool-1 - Shutdown initiated...
2026-09-30 08:41:47 [SpringApplicationShutdownHook] INFO  com.zaxxer.hikari.HikariDataSource - HikariPool-1 - Shutdown completed.
2026-09-30 08:42:51 [main] INFO  m.c.d.s.SmartLibraryApplication - Starting SmartLibraryApplication using Java 25.0.3 with PID 134207 (/home/estevaodimaca/Documents/desenvolvimento/workspaces/antigravity-IDE/bibliotecainstitucional/smart-library/smart-library-core/target/classes started by estevaodimaca in /home/estevaodimaca/Documents/desenvolvimento/workspaces/antigravity-IDE/bibliotecainstitucional/smart-library/smart-library-core)
2026-09-30 08:42:51 [main] DEBUG m.c.d.s.SmartLibraryApplication - Running with Spring Boot v4.1.1, Spring v7.0.9
2026-09-30 08:42:51 [main] INFO  m.c.d.s.SmartLibraryApplication - The following 1 profile is active: "dev"
2026-09-30 08:42:51 [background-preinit] INFO  o.h.validator.internal.util.Version - HV000001: Hibernate Validator 9.1.3.Final
2026-09-30 08:42:51 [main] INFO  o.s.d.r.c.RepositoryConfigurationDelegate - Bootstrapping Spring Data JPA repositories in DEFAULT mode.
2026-09-30 08:42:51 [main] INFO  o.s.d.r.c.RepositoryConfigurationDelegate - Finished Spring Data repository scanning in 28 ms. Found 3 JPA repository interfaces.
2026-09-30 08:42:51 [main] INFO  o.s.boot.tomcat.TomcatWebServer - Tomcat initialized with port 8080 (http)
2026-09-30 08:42:51 [main] INFO  o.a.coyote.http11.Http11NioProtocol - Initializing ProtocolHandler ["http-nio-8080"]
2026-09-30 08:42:51 [main] INFO  o.a.catalina.core.StandardService - Starting service [Tomcat]
2026-09-30 08:42:51 [main] INFO  o.a.catalina.core.StandardEngine - Starting Servlet engine: [Apache Tomcat/11.0.24]
2026-09-30 08:42:51 [main] INFO  o.s.b.w.c.s.WebApplicationContextInitializer - Root WebApplicationContext: initialization completed in 780 ms
2026-09-30 08:42:52 [main] INFO  org.hibernate.orm.jpa - HHH008540: Processing PersistenceUnitInfo [name: default]
2026-09-30 08:42:52 [main] INFO  org.hibernate.orm.core - HHH000001: Hibernate ORM core version 7.4.5.Final
2026-09-30 08:42:52 [main] INFO  o.s.o.j.p.SpringPersistenceUnitInfo - No LoadTimeWeaver setup: ignoring JPA class transformer
2026-09-30 08:42:52 [main] INFO  com.zaxxer.hikari.HikariDataSource - HikariPool-1 - Starting...
2026-09-30 08:42:52 [main] INFO  com.zaxxer.hikari.pool.HikariPool - HikariPool-1 - Added connection org.postgresql.jdbc.PgConnection@7337bd2e
2026-09-30 08:42:52 [main] INFO  com.zaxxer.hikari.HikariDataSource - HikariPool-1 - Start completed.
2026-09-30 08:42:52 [main] WARN  org.hibernate.orm.deprecation - HHH90000025: PostgreSQLDialect does not need to be specified explicitly using 'hibernate.dialect' (remove the property setting and it will be selected by default)
2026-09-30 08:42:52 [main] INFO  o.hibernate.orm.connections.pooling - HHH10001005: Database info:
	Database JDBC URL [jdbc:postgresql://localhost:5432/smart_library_db]
	Database driver: PostgreSQL JDBC Driver
	Database dialect: PostgreSQLDialect
	Database version: 16.4
	Default catalog/schema: smart_library_db/public
	Autocommit mode: undefined/unknown
	Isolation level: READ_COMMITTED [default READ_COMMITTED]
	JDBC fetch size: none
	Pool: DataSourceConnectionProvider
	Minimum pool size: undefined/unknown
	Maximum pool size: undefined/unknown
2026-09-30 08:42:53 [main] INFO  org.hibernate.orm.core - HHH000489: No JTA platform available (set 'hibernate.transaction.jta.platform' to enable JTA platform integration)
2026-09-30 08:42:53 [main] INFO  o.s.o.j.LocalContainerEntityManagerFactoryBean - Initialized JPA EntityManagerFactory for persistence unit 'default'
2026-09-30 08:42:53 [main] INFO  o.s.d.j.r.q.QueryEnhancerFactories - Hibernate is in classpath; If applicable, HQL parser will be used.
2026-09-30 08:42:53 [main] WARN  o.s.b.j.a.JpaBaseConfiguration$JpaWebConfiguration - spring.jpa.open-in-view is enabled by default. Therefore, database queries may be performed during view rendering. Explicitly configure spring.jpa.open-in-view to disable this warning
2026-09-30 08:42:53 [main] INFO  o.a.coyote.http11.Http11NioProtocol - Starting ProtocolHandler ["http-nio-8080"]
2026-09-30 08:42:53 [main] INFO  o.s.boot.tomcat.TomcatWebServer - Tomcat started on port 8080 (http) with context path '/api'
2026-09-30 08:42:53 [main] INFO  m.c.d.s.SmartLibraryApplication - Started SmartLibraryApplication in 3.032 seconds (process running for 3.226)
2026-09-30 08:43:10 [http-nio-8080-exec-2] INFO  o.a.c.c.C.[.[localhost].[/api] - Initializing Spring DispatcherServlet 'dispatcherServlet'
2026-09-30 08:43:10 [http-nio-8080-exec-2] INFO  o.s.web.servlet.DispatcherServlet - Initializing Servlet 'dispatcherServlet'
2026-09-30 08:43:10 [http-nio-8080-exec-2] INFO  o.s.web.servlet.DispatcherServlet - Completed initialization in 1 ms
2026-09-30 08:43:10 [http-nio-8080-exec-1] DEBUG org.hibernate.SQL - 
    select
        u1_0.id,
        u1_0.active,
        u1_0.created_at,
        u1_0.created_by,
        u1_0.email,
        u1_0.first_name,
        u1_0.has_active_fine,
        u1_0.last_name,
        u1_0.password,
        u1_0.tax_id,
        u1_0.updated_at,
        u1_0.updated_by 
    from
        users u1_0
2026-09-30 08:43:10 [http-nio-8080-exec-2] DEBUG org.hibernate.SQL - 
    select
        b1_0.id,
        b1_0.author,
        b1_0.available_copies,
        b1_0.created_at,
        b1_0.created_by,
        b1_0.isbn,
        b1_0.title,
        b1_0.updated_at,
        b1_0.updated_by 
    from
        books b1_0
2026-09-30 08:43:10 [http-nio-8080-exec-1] DEBUG org.hibernate.SQL - 
    select
        p1_0.user_id,
        p1_1.id,
        p1_1.created_at,
        p1_1.created_by,
        p1_1.name,
        t1_0.profile_id,
        t1_1.id,
        t1_1.created_at,
        t1_1.created_by,
        t1_1.icon,
        t1_1.name,
        t1_1.parent_id,
        t1_1.route,
        st1_0.parent_id,
        st1_0.id,
        st1_0.created_at,
        st1_0.created_by,
        st1_0.icon,
        st1_0.name,
        st1_0.route,
        st1_0.updated_at,
        st1_0.updated_by,
        t1_1.updated_at,
        t1_1.updated_by,
        p1_1.updated_at,
        p1_1.updated_by 
    from
        user_profiles p1_0 
    join
        profiles p1_1 
            on p1_1.id=p1_0.profile_id 
    left join
        profile_transactions t1_0 
            on p1_1.id=t1_0.profile_id 
    left join
        transactions t1_1 
            on t1_1.id=t1_0.transaction_id 
    left join
        transactions st1_0 
            on t1_1.id=st1_0.parent_id 
    where
        p1_0.user_id=?
2026-09-30 08:43:11 [http-nio-8080-exec-1] DEBUG org.hibernate.SQL - 
    select
        p1_0.user_id,
        p1_1.id,
        p1_1.created_at,
        p1_1.created_by,
        p1_1.name,
        t1_0.profile_id,
        t1_1.id,
        t1_1.created_at,
        t1_1.created_by,
        t1_1.icon,
        t1_1.name,
        t1_1.parent_id,
        t1_1.route,
        st1_0.parent_id,
        st1_0.id,
        st1_0.created_at,
        st1_0.created_by,
        st1_0.icon,
        st1_0.name,
        st1_0.route,
        st1_0.updated_at,
        st1_0.updated_by,
        t1_1.updated_at,
        t1_1.updated_by,
        p1_1.updated_at,
        p1_1.updated_by 
    from
        user_profiles p1_0 
    join
        profiles p1_1 
            on p1_1.id=p1_0.profile_id 
    left join
        profile_transactions t1_0 
            on p1_1.id=t1_0.profile_id 
    left join
        transactions t1_1 
            on t1_1.id=t1_0.transaction_id 
    left join
        transactions st1_0 
            on t1_1.id=st1_0.parent_id 
    where
        p1_0.user_id=?
2026-09-30 08:43:11 [http-nio-8080-exec-1] DEBUG org.hibernate.SQL - 
    select
        p1_0.user_id,
        p1_1.id,
        p1_1.created_at,
        p1_1.created_by,
        p1_1.name,
        t1_0.profile_id,
        t1_1.id,
        t1_1.created_at,
        t1_1.created_by,
        t1_1.icon,
        t1_1.name,
        t1_1.parent_id,
        t1_1.route,
        st1_0.parent_id,
        st1_0.id,
        st1_0.created_at,
        st1_0.created_by,
        st1_0.icon,
        st1_0.name,
        st1_0.route,
        st1_0.updated_at,
        st1_0.updated_by,
        t1_1.updated_at,
        t1_1.updated_by,
        p1_1.updated_at,
        p1_1.updated_by 
    from
        user_profiles p1_0 
    join
        profiles p1_1 
            on p1_1.id=p1_0.profile_id 
    left join
        profile_transactions t1_0 
            on p1_1.id=t1_0.profile_id 
    left join
        transactions t1_1 
            on t1_1.id=t1_0.transaction_id 
    left join
        transactions st1_0 
            on t1_1.id=st1_0.parent_id 
    where
        p1_0.user_id=?
2026-09-30 08:43:23 [http-nio-8080-exec-4] INFO  m.c.d.s.services.LoanService - Iniciando processo de empréstimo para usuário 423e4567-e89b-12d3-a456-426614174003 e livro 123e4567-e89b-12d3-a456-426614174000
2026-09-30 08:43:23 [http-nio-8080-exec-4] DEBUG org.hibernate.SQL - 
    select
        u1_0.id,
        u1_0.active,
        u1_0.created_at,
        u1_0.created_by,
        u1_0.email,
        u1_0.first_name,
        u1_0.has_active_fine,
        u1_0.last_name,
        u1_0.password,
        p1_0.user_id,
        p1_1.id,
        p1_1.created_at,
        p1_1.created_by,
        p1_1.name,
        t1_0.profile_id,
        t1_1.id,
        t1_1.created_at,
        t1_1.created_by,
        t1_1.icon,
        t1_1.name,
        t1_1.parent_id,
        t1_1.route,
        st1_0.parent_id,
        st1_0.id,
        st1_0.created_at,
        st1_0.created_by,
        st1_0.icon,
        st1_0.name,
        st1_0.route,
        st1_0.updated_at,
        st1_0.updated_by,
        t1_1.updated_at,
        t1_1.updated_by,
        p1_1.updated_at,
        p1_1.updated_by,
        u1_0.tax_id,
        u1_0.updated_at,
        u1_0.updated_by 
    from
        users u1_0 
    left join
        user_profiles p1_0 
            on u1_0.id=p1_0.user_id 
    left join
        profiles p1_1 
            on p1_1.id=p1_0.profile_id 
    left join
        profile_transactions t1_0 
            on p1_1.id=t1_0.profile_id 
    left join
        transactions t1_1 
            on t1_1.id=t1_0.transaction_id 
    left join
        transactions st1_0 
            on t1_1.id=st1_0.parent_id 
    where
        u1_0.id=?
2026-09-30 08:43:23 [http-nio-8080-exec-4] DEBUG org.hibernate.SQL - 
    select
        b1_0.id,
        b1_0.author,
        b1_0.available_copies,
        b1_0.created_at,
        b1_0.created_by,
        b1_0.isbn,
        b1_0.title,
        b1_0.updated_at,
        b1_0.updated_by 
    from
        books b1_0 
    where
        b1_0.id=?
2026-09-30 08:43:23 [http-nio-8080-exec-4] DEBUG m.c.d.s.services.LoanService - Empréstimo processado e persistido com sucesso na base de dados.
2026-09-30 08:43:23 [http-nio-8080-exec-4] DEBUG org.hibernate.SQL - 
    insert 
    into
        loans
        (book_id, checkout_date, created_at, created_by, due_date, return_date, status, updated_at, updated_by, user_id, id) 
    values
        (?, ?, ?, ?, ?, ?, ?, ?, ?, ?, ?)
2026-09-30 08:43:23 [http-nio-8080-exec-4] DEBUG org.hibernate.SQL - 
    update
        books 
    set
        author=?,
        available_copies=?,
        isbn=?,
        title=?,
        updated_at=?,
        updated_by=? 
    where
        id=?
2026-09-30 08:49:11 [http-nio-8080-exec-7] INFO  m.c.d.s.services.LoanService - Iniciando processo de empréstimo para usuário 423e4567-e89b-12d3-a456-426614174001 e livro 123e4567-e89b-12d3-a456-426614174000
2026-09-30 08:49:11 [http-nio-8080-exec-7] DEBUG org.hibernate.SQL - 
    select
        u1_0.id,
        u1_0.active,
        u1_0.created_at,
        u1_0.created_by,
        u1_0.email,
        u1_0.first_name,
        u1_0.has_active_fine,
        u1_0.last_name,
        u1_0.password,
        p1_0.user_id,
        p1_1.id,
        p1_1.created_at,
        p1_1.created_by,
        p1_1.name,
        t1_0.profile_id,
        t1_1.id,
        t1_1.created_at,
        t1_1.created_by,
        t1_1.icon,
        t1_1.name,
        t1_1.parent_id,
        t1_1.route,
        st1_0.parent_id,
        st1_0.id,
        st1_0.created_at,
        st1_0.created_by,
        st1_0.icon,
        st1_0.name,
        st1_0.route,
        st1_0.updated_at,
        st1_0.updated_by,
        t1_1.updated_at,
        t1_1.updated_by,
        p1_1.updated_at,
        p1_1.updated_by,
        u1_0.tax_id,
        u1_0.updated_at,
        u1_0.updated_by 
    from
        users u1_0 
    left join
        user_profiles p1_0 
            on u1_0.id=p1_0.user_id 
    left join
        profiles p1_1 
            on p1_1.id=p1_0.profile_id 
    left join
        profile_transactions t1_0 
            on p1_1.id=t1_0.profile_id 
    left join
        transactions t1_1 
            on t1_1.id=t1_0.transaction_id 
    left join
        transactions st1_0 
            on t1_1.id=st1_0.parent_id 
    where
        u1_0.id=?
2026-09-30 08:49:11 [http-nio-8080-exec-7] DEBUG org.hibernate.SQL - 
    select
        b1_0.id,
        b1_0.author,
        b1_0.available_copies,
        b1_0.created_at,
        b1_0.created_by,
        b1_0.isbn,
        b1_0.title,
        b1_0.updated_at,
        b1_0.updated_by 
    from
        books b1_0 
    where
        b1_0.id=?
2026-09-30 08:49:11 [http-nio-8080-exec-7] DEBUG m.c.d.s.services.LoanService - Empréstimo processado e persistido com sucesso na base de dados.
2026-09-30 08:49:11 [http-nio-8080-exec-7] DEBUG org.hibernate.SQL - 
    insert 
    into
        loans
        (book_id, checkout_date, created_at, created_by, due_date, return_date, status, updated_at, updated_by, user_id, id) 
    values
        (?, ?, ?, ?, ?, ?, ?, ?, ?, ?, ?)
2026-09-30 08:49:11 [http-nio-8080-exec-7] DEBUG org.hibernate.SQL - 
    update
        books 
    set
        author=?,
        available_copies=?,
        isbn=?,
        title=?,
        updated_at=?,
        updated_by=? 
    where
        id=?
2026-09-30 08:50:42 [http-nio-8080-exec-9] INFO  m.c.d.s.services.LoanService - Iniciando processo de empréstimo para usuário 423e4567-e89b-12d3-a456-426614174002 e livro 123e4567-e89b-12d3-a456-426614174001
2026-09-30 08:50:42 [http-nio-8080-exec-9] DEBUG org.hibernate.SQL - 
    select
        u1_0.id,
        u1_0.active,
        u1_0.created_at,
        u1_0.created_by,
        u1_0.email,
        u1_0.first_name,
        u1_0.has_active_fine,
        u1_0.last_name,
        u1_0.password,
        p1_0.user_id,
        p1_1.id,
        p1_1.created_at,
        p1_1.created_by,
        p1_1.name,
        t1_0.profile_id,
        t1_1.id,
        t1_1.created_at,
        t1_1.created_by,
        t1_1.icon,
        t1_1.name,
        t1_1.parent_id,
        t1_1.route,
        st1_0.parent_id,
        st1_0.id,
        st1_0.created_at,
        st1_0.created_by,
        st1_0.icon,
        st1_0.name,
        st1_0.route,
        st1_0.updated_at,
        st1_0.updated_by,
        t1_1.updated_at,
        t1_1.updated_by,
        p1_1.updated_at,
        p1_1.updated_by,
        u1_0.tax_id,
        u1_0.updated_at,
        u1_0.updated_by 
    from
        users u1_0 
    left join
        user_profiles p1_0 
            on u1_0.id=p1_0.user_id 
    left join
        profiles p1_1 
            on p1_1.id=p1_0.profile_id 
    left join
        profile_transactions t1_0 
            on p1_1.id=t1_0.profile_id 
    left join
        transactions t1_1 
            on t1_1.id=t1_0.transaction_id 
    left join
        transactions st1_0 
            on t1_1.id=st1_0.parent_id 
    where
        u1_0.id=?
2026-09-30 08:50:42 [http-nio-8080-exec-9] DEBUG org.hibernate.SQL - 
    select
        b1_0.id,
        b1_0.author,
        b1_0.available_copies,
        b1_0.created_at,
        b1_0.created_by,
        b1_0.isbn,
        b1_0.title,
        b1_0.updated_at,
        b1_0.updated_by 
    from
        books b1_0 
    where
        b1_0.id=?
2026-09-30 08:50:42 [http-nio-8080-exec-9] DEBUG m.c.d.s.services.LoanService - Empréstimo processado e persistido com sucesso na base de dados.
2026-09-30 08:50:42 [http-nio-8080-exec-9] DEBUG org.hibernate.SQL - 
    insert 
    into
        loans
        (book_id, checkout_date, created_at, created_by, due_date, return_date, status, updated_at, updated_by, user_id, id) 
    values
        (?, ?, ?, ?, ?, ?, ?, ?, ?, ?, ?)
2026-09-30 08:50:42 [http-nio-8080-exec-9] DEBUG org.hibernate.SQL - 
    update
        books 
    set
        author=?,
        available_copies=?,
        isbn=?,
        title=?,
        updated_at=?,
        updated_by=? 
    where
        id=?
2026-09-30 09:01:56 [http-nio-8080-exec-3] DEBUG org.hibernate.SQL - 
    select
        u1_0.id,
        u1_0.active,
        u1_0.created_at,
        u1_0.created_by,
        u1_0.email,
        u1_0.first_name,
        u1_0.has_active_fine,
        u1_0.last_name,
        u1_0.password,
        u1_0.tax_id,
        u1_0.updated_at,
        u1_0.updated_by 
    from
        users u1_0
2026-09-30 09:01:56 [http-nio-8080-exec-3] DEBUG org.hibernate.SQL - 
    select
        p1_0.user_id,
        p1_1.id,
        p1_1.created_at,
        p1_1.created_by,
        p1_1.name,
        t1_0.profile_id,
        t1_1.id,
        t1_1.created_at,
        t1_1.created_by,
        t1_1.icon,
        t1_1.name,
        t1_1.parent_id,
        t1_1.route,
        st1_0.parent_id,
        st1_0.id,
        st1_0.created_at,
        st1_0.created_by,
        st1_0.icon,
        st1_0.name,
        st1_0.route,
        st1_0.updated_at,
        st1_0.updated_by,
        t1_1.updated_at,
        t1_1.updated_by,
        p1_1.updated_at,
        p1_1.updated_by 
    from
        user_profiles p1_0 
    join
        profiles p1_1 
            on p1_1.id=p1_0.profile_id 
    left join
        profile_transactions t1_0 
            on p1_1.id=t1_0.profile_id 
    left join
        transactions t1_1 
            on t1_1.id=t1_0.transaction_id 
    left join
        transactions st1_0 
            on t1_1.id=st1_0.parent_id 
    where
        p1_0.user_id=?
2026-09-30 09:01:56 [http-nio-8080-exec-3] DEBUG org.hibernate.SQL - 
    select
        p1_0.user_id,
        p1_1.id,
        p1_1.created_at,
        p1_1.created_by,
        p1_1.name,
        t1_0.profile_id,
        t1_1.id,
        t1_1.created_at,
        t1_1.created_by,
        t1_1.icon,
        t1_1.name,
        t1_1.parent_id,
        t1_1.route,
        st1_0.parent_id,
        st1_0.id,
        st1_0.created_at,
        st1_0.created_by,
        st1_0.icon,
        st1_0.name,
        st1_0.route,
        st1_0.updated_at,
        st1_0.updated_by,
        t1_1.updated_at,
        t1_1.updated_by,
        p1_1.updated_at,
        p1_1.updated_by 
    from
        user_profiles p1_0 
    join
        profiles p1_1 
            on p1_1.id=p1_0.profile_id 
    left join
        profile_transactions t1_0 
            on p1_1.id=t1_0.profile_id 
    left join
        transactions t1_1 
            on t1_1.id=t1_0.transaction_id 
    left join
        transactions st1_0 
            on t1_1.id=st1_0.parent_id 
    where
        p1_0.user_id=?
2026-09-30 09:01:56 [http-nio-8080-exec-3] DEBUG org.hibernate.SQL - 
    select
        p1_0.user_id,
        p1_1.id,
        p1_1.created_at,
        p1_1.created_by,
        p1_1.name,
        t1_0.profile_id,
        t1_1.id,
        t1_1.created_at,
        t1_1.created_by,
        t1_1.icon,
        t1_1.name,
        t1_1.parent_id,
        t1_1.route,
        st1_0.parent_id,
        st1_0.id,
        st1_0.created_at,
        st1_0.created_by,
        st1_0.icon,
        st1_0.name,
        st1_0.route,
        st1_0.updated_at,
        st1_0.updated_by,
        t1_1.updated_at,
        t1_1.updated_by,
        p1_1.updated_at,
        p1_1.updated_by 
    from
        user_profiles p1_0 
    join
        profiles p1_1 
            on p1_1.id=p1_0.profile_id 
    left join
        profile_transactions t1_0 
            on p1_1.id=t1_0.profile_id 
    left join
        transactions t1_1 
            on t1_1.id=t1_0.transaction_id 
    left join
        transactions st1_0 
            on t1_1.id=st1_0.parent_id 
    where
        p1_0.user_id=?
2026-09-30 09:02:42 [http-nio-8080-exec-5] WARN  o.s.w.s.m.s.DefaultHandlerExceptionResolver - Resolved [org.springframework.web.method.annotation.MethodArgumentTypeMismatchException: Method parameter 'userId': Failed to convert value of type 'java.lang.String' to required type 'java.util.UUID'; Invalid UUID string: undefined]
2026-09-30 09:03:51 [http-nio-8080-exec-6] INFO  m.c.d.s.services.LoanService - Iniciando processo de empréstimo para usuário 423e4567-e89b-12d3-a456-426614174003 e livro 123e4567-e89b-12d3-a456-426614174000
2026-09-30 09:03:51 [http-nio-8080-exec-6] DEBUG org.hibernate.SQL - 
    select
        u1_0.id,
        u1_0.active,
        u1_0.created_at,
        u1_0.created_by,
        u1_0.email,
        u1_0.first_name,
        u1_0.has_active_fine,
        u1_0.last_name,
        u1_0.password,
        p1_0.user_id,
        p1_1.id,
        p1_1.created_at,
        p1_1.created_by,
        p1_1.name,
        t1_0.profile_id,
        t1_1.id,
        t1_1.created_at,
        t1_1.created_by,
        t1_1.icon,
        t1_1.name,
        t1_1.parent_id,
        t1_1.route,
        st1_0.parent_id,
        st1_0.id,
        st1_0.created_at,
        st1_0.created_by,
        st1_0.icon,
        st1_0.name,
        st1_0.route,
        st1_0.updated_at,
        st1_0.updated_by,
        t1_1.updated_at,
        t1_1.updated_by,
        p1_1.updated_at,
        p1_1.updated_by,
        u1_0.tax_id,
        u1_0.updated_at,
        u1_0.updated_by 
    from
        users u1_0 
    left join
        user_profiles p1_0 
            on u1_0.id=p1_0.user_id 
    left join
        profiles p1_1 
            on p1_1.id=p1_0.profile_id 
    left join
        profile_transactions t1_0 
            on p1_1.id=t1_0.profile_id 
    left join
        transactions t1_1 
            on t1_1.id=t1_0.transaction_id 
    left join
        transactions st1_0 
            on t1_1.id=st1_0.parent_id 
    where
        u1_0.id=?
2026-09-30 09:03:51 [http-nio-8080-exec-6] DEBUG org.hibernate.SQL - 
    select
        b1_0.id,
        b1_0.author,
        b1_0.available_copies,
        b1_0.created_at,
        b1_0.created_by,
        b1_0.isbn,
        b1_0.title,
        b1_0.updated_at,
        b1_0.updated_by 
    from
        books b1_0 
    where
        b1_0.id=?
2026-09-30 09:03:51 [http-nio-8080-exec-6] DEBUG m.c.d.s.services.LoanService - Empréstimo processado e persistido com sucesso na base de dados.
2026-09-30 09:03:51 [http-nio-8080-exec-6] DEBUG org.hibernate.SQL - 
    insert 
    into
        loans
        (book_id, checkout_date, created_at, created_by, due_date, return_date, status, updated_at, updated_by, user_id, id) 
    values
        (?, ?, ?, ?, ?, ?, ?, ?, ?, ?, ?)
2026-09-30 09:03:51 [http-nio-8080-exec-6] DEBUG org.hibernate.SQL - 
    update
        books 
    set
        author=?,
        available_copies=?,
        isbn=?,
        title=?,
        updated_at=?,
        updated_by=? 
    where
        id=?
2026-09-30 09:04:12 [http-nio-8080-exec-7] INFO  m.c.d.s.services.LoanService - Iniciando processo de empréstimo para usuário 423e4567-e89b-12d3-a456-426614174003 e livro 123e4567-e89b-12d3-a456-426614174000
2026-09-30 09:04:12 [http-nio-8080-exec-7] DEBUG org.hibernate.SQL - 
    select
        u1_0.id,
        u1_0.active,
        u1_0.created_at,
        u1_0.created_by,
        u1_0.email,
        u1_0.first_name,
        u1_0.has_active_fine,
        u1_0.last_name,
        u1_0.password,
        p1_0.user_id,
        p1_1.id,
        p1_1.created_at,
        p1_1.created_by,
        p1_1.name,
        t1_0.profile_id,
        t1_1.id,
        t1_1.created_at,
        t1_1.created_by,
        t1_1.icon,
        t1_1.name,
        t1_1.parent_id,
        t1_1.route,
        st1_0.parent_id,
        st1_0.id,
        st1_0.created_at,
        st1_0.created_by,
        st1_0.icon,
        st1_0.name,
        st1_0.route,
        st1_0.updated_at,
        st1_0.updated_by,
        t1_1.updated_at,
        t1_1.updated_by,
        p1_1.updated_at,
        p1_1.updated_by,
        u1_0.tax_id,
        u1_0.updated_at,
        u1_0.updated_by 
    from
        users u1_0 
    left join
        user_profiles p1_0 
            on u1_0.id=p1_0.user_id 
    left join
        profiles p1_1 
            on p1_1.id=p1_0.profile_id 
    left join
        profile_transactions t1_0 
            on p1_1.id=t1_0.profile_id 
    left join
        transactions t1_1 
            on t1_1.id=t1_0.transaction_id 
    left join
        transactions st1_0 
            on t1_1.id=st1_0.parent_id 
    where
        u1_0.id=?
2026-09-30 09:04:12 [http-nio-8080-exec-7] DEBUG org.hibernate.SQL - 
    select
        b1_0.id,
        b1_0.author,
        b1_0.available_copies,
        b1_0.created_at,
        b1_0.created_by,
        b1_0.isbn,
        b1_0.title,
        b1_0.updated_at,
        b1_0.updated_by 
    from
        books b1_0 
    where
        b1_0.id=?
2026-09-30 09:04:12 [http-nio-8080-exec-7] DEBUG m.c.d.s.services.LoanService - Empréstimo processado e persistido com sucesso na base de dados.
2026-09-30 09:04:12 [http-nio-8080-exec-7] DEBUG org.hibernate.SQL - 
    insert 
    into
        loans
        (book_id, checkout_date, created_at, created_by, due_date, return_date, status, updated_at, updated_by, user_id, id) 
    values
        (?, ?, ?, ?, ?, ?, ?, ?, ?, ?, ?)
2026-09-30 09:04:12 [http-nio-8080-exec-7] DEBUG org.hibernate.SQL - 
    update
        books 
    set
        author=?,
        available_copies=?,
        isbn=?,
        title=?,
        updated_at=?,
        updated_by=? 
    where
        id=?
2026-09-30 09:05:19 [http-nio-8080-exec-8] DEBUG org.hibernate.SQL - 
    select
        u1_0.id,
        u1_0.active,
        u1_0.created_at,
        u1_0.created_by,
        u1_0.email,
        u1_0.first_name,
        u1_0.has_active_fine,
        u1_0.last_name,
        u1_0.password,
        u1_0.tax_id,
        u1_0.updated_at,
        u1_0.updated_by 
    from
        users u1_0
2026-09-30 09:05:19 [http-nio-8080-exec-9] DEBUG org.hibernate.SQL - 
    select
        b1_0.id,
        b1_0.author,
        b1_0.available_copies,
        b1_0.created_at,
        b1_0.created_by,
        b1_0.isbn,
        b1_0.title,
        b1_0.updated_at,
        b1_0.updated_by 
    from
        books b1_0
2026-09-30 09:05:19 [http-nio-8080-exec-8] DEBUG org.hibernate.SQL - 
    select
        p1_0.user_id,
        p1_1.id,
        p1_1.created_at,
        p1_1.created_by,
        p1_1.name,
        t1_0.profile_id,
        t1_1.id,
        t1_1.created_at,
        t1_1.created_by,
        t1_1.icon,
        t1_1.name,
        t1_1.parent_id,
        t1_1.route,
        st1_0.parent_id,
        st1_0.id,
        st1_0.created_at,
        st1_0.created_by,
        st1_0.icon,
        st1_0.name,
        st1_0.route,
        st1_0.updated_at,
        st1_0.updated_by,
        t1_1.updated_at,
        t1_1.updated_by,
        p1_1.updated_at,
        p1_1.updated_by 
    from
        user_profiles p1_0 
    join
        profiles p1_1 
            on p1_1.id=p1_0.profile_id 
    left join
        profile_transactions t1_0 
            on p1_1.id=t1_0.profile_id 
    left join
        transactions t1_1 
            on t1_1.id=t1_0.transaction_id 
    left join
        transactions st1_0 
            on t1_1.id=st1_0.parent_id 
    where
        p1_0.user_id=?
2026-09-30 09:05:19 [http-nio-8080-exec-8] DEBUG org.hibernate.SQL - 
    select
        p1_0.user_id,
        p1_1.id,
        p1_1.created_at,
        p1_1.created_by,
        p1_1.name,
        t1_0.profile_id,
        t1_1.id,
        t1_1.created_at,
        t1_1.created_by,
        t1_1.icon,
        t1_1.name,
        t1_1.parent_id,
        t1_1.route,
        st1_0.parent_id,
        st1_0.id,
        st1_0.created_at,
        st1_0.created_by,
        st1_0.icon,
        st1_0.name,
        st1_0.route,
        st1_0.updated_at,
        st1_0.updated_by,
        t1_1.updated_at,
        t1_1.updated_by,
        p1_1.updated_at,
        p1_1.updated_by 
    from
        user_profiles p1_0 
    join
        profiles p1_1 
            on p1_1.id=p1_0.profile_id 
    left join
        profile_transactions t1_0 
            on p1_1.id=t1_0.profile_id 
    left join
        transactions t1_1 
            on t1_1.id=t1_0.transaction_id 
    left join
        transactions st1_0 
            on t1_1.id=st1_0.parent_id 
    where
        p1_0.user_id=?
2026-09-30 09:05:19 [http-nio-8080-exec-8] DEBUG org.hibernate.SQL - 
    select
        p1_0.user_id,
        p1_1.id,
        p1_1.created_at,
        p1_1.created_by,
        p1_1.name,
        t1_0.profile_id,
        t1_1.id,
        t1_1.created_at,
        t1_1.created_by,
        t1_1.icon,
        t1_1.name,
        t1_1.parent_id,
        t1_1.route,
        st1_0.parent_id,
        st1_0.id,
        st1_0.created_at,
        st1_0.created_by,
        st1_0.icon,
        st1_0.name,
        st1_0.route,
        st1_0.updated_at,
        st1_0.updated_by,
        t1_1.updated_at,
        t1_1.updated_by,
        p1_1.updated_at,
        p1_1.updated_by 
    from
        user_profiles p1_0 
    join
        profiles p1_1 
            on p1_1.id=p1_0.profile_id 
    left join
        profile_transactions t1_0 
            on p1_1.id=t1_0.profile_id 
    left join
        transactions t1_1 
            on t1_1.id=t1_0.transaction_id 
    left join
        transactions st1_0 
            on t1_1.id=st1_0.parent_id 
    where
        p1_0.user_id=?
2026-09-30 09:09:26 [http-nio-8080-exec-1] DEBUG org.hibernate.SQL - 
    select
        u1_0.id,
        u1_0.active,
        u1_0.created_at,
        u1_0.created_by,
        u1_0.email,
        u1_0.first_name,
        u1_0.has_active_fine,
        u1_0.last_name,
        u1_0.password,
        u1_0.tax_id,
        u1_0.updated_at,
        u1_0.updated_by 
    from
        users u1_0
2026-09-30 09:09:26 [http-nio-8080-exec-1] DEBUG org.hibernate.SQL - 
    select
        p1_0.user_id,
        p1_1.id,
        p1_1.created_at,
        p1_1.created_by,
        p1_1.name,
        t1_0.profile_id,
        t1_1.id,
        t1_1.created_at,
        t1_1.created_by,
        t1_1.icon,
        t1_1.name,
        t1_1.parent_id,
        t1_1.route,
        st1_0.parent_id,
        st1_0.id,
        st1_0.created_at,
        st1_0.created_by,
        st1_0.icon,
        st1_0.name,
        st1_0.route,
        st1_0.updated_at,
        st1_0.updated_by,
        t1_1.updated_at,
        t1_1.updated_by,
        p1_1.updated_at,
        p1_1.updated_by 
    from
        user_profiles p1_0 
    join
        profiles p1_1 
            on p1_1.id=p1_0.profile_id 
    left join
        profile_transactions t1_0 
            on p1_1.id=t1_0.profile_id 
    left join
        transactions t1_1 
            on t1_1.id=t1_0.transaction_id 
    left join
        transactions st1_0 
            on t1_1.id=st1_0.parent_id 
    where
        p1_0.user_id=?
2026-09-30 09:09:26 [http-nio-8080-exec-3] DEBUG org.hibernate.SQL - 
    select
        b1_0.id,
        b1_0.author,
        b1_0.available_copies,
        b1_0.created_at,
        b1_0.created_by,
        b1_0.isbn,
        b1_0.title,
        b1_0.updated_at,
        b1_0.updated_by 
    from
        books b1_0
2026-09-30 09:09:26 [http-nio-8080-exec-1] DEBUG org.hibernate.SQL - 
    select
        p1_0.user_id,
        p1_1.id,
        p1_1.created_at,
        p1_1.created_by,
        p1_1.name,
        t1_0.profile_id,
        t1_1.id,
        t1_1.created_at,
        t1_1.created_by,
        t1_1.icon,
        t1_1.name,
        t1_1.parent_id,
        t1_1.route,
        st1_0.parent_id,
        st1_0.id,
        st1_0.created_at,
        st1_0.created_by,
        st1_0.icon,
        st1_0.name,
        st1_0.route,
        st1_0.updated_at,
        st1_0.updated_by,
        t1_1.updated_at,
        t1_1.updated_by,
        p1_1.updated_at,
        p1_1.updated_by 
    from
        user_profiles p1_0 
    join
        profiles p1_1 
            on p1_1.id=p1_0.profile_id 
    left join
        profile_transactions t1_0 
            on p1_1.id=t1_0.profile_id 
    left join
        transactions t1_1 
            on t1_1.id=t1_0.transaction_id 
    left join
        transactions st1_0 
            on t1_1.id=st1_0.parent_id 
    where
        p1_0.user_id=?
2026-09-30 09:09:26 [http-nio-8080-exec-1] DEBUG org.hibernate.SQL - 
    select
        p1_0.user_id,
        p1_1.id,
        p1_1.created_at,
        p1_1.created_by,
        p1_1.name,
        t1_0.profile_id,
        t1_1.id,
        t1_1.created_at,
        t1_1.created_by,
        t1_1.icon,
        t1_1.name,
        t1_1.parent_id,
        t1_1.route,
        st1_0.parent_id,
        st1_0.id,
        st1_0.created_at,
        st1_0.created_by,
        st1_0.icon,
        st1_0.name,
        st1_0.route,
        st1_0.updated_at,
        st1_0.updated_by,
        t1_1.updated_at,
        t1_1.updated_by,
        p1_1.updated_at,
        p1_1.updated_by 
    from
        user_profiles p1_0 
    join
        profiles p1_1 
            on p1_1.id=p1_0.profile_id 
    left join
        profile_transactions t1_0 
            on p1_1.id=t1_0.profile_id 
    left join
        transactions t1_1 
            on t1_1.id=t1_0.transaction_id 
    left join
        transactions st1_0 
            on t1_1.id=st1_0.parent_id 
    where
        p1_0.user_id=?
2026-09-30 09:09:46 [http-nio-8080-exec-5] INFO  m.c.d.s.services.LoanService - Iniciando processo de empréstimo para usuário 423e4567-e89b-12d3-a456-426614174003 e livro 123e4567-e89b-12d3-a456-426614174001
2026-09-30 09:09:46 [http-nio-8080-exec-5] DEBUG org.hibernate.SQL - 
    select
        u1_0.id,
        u1_0.active,
        u1_0.created_at,
        u1_0.created_by,
        u1_0.email,
        u1_0.first_name,
        u1_0.has_active_fine,
        u1_0.last_name,
        u1_0.password,
        p1_0.user_id,
        p1_1.id,
        p1_1.created_at,
        p1_1.created_by,
        p1_1.name,
        t1_0.profile_id,
        t1_1.id,
        t1_1.created_at,
        t1_1.created_by,
        t1_1.icon,
        t1_1.name,
        t1_1.parent_id,
        t1_1.route,
        st1_0.parent_id,
        st1_0.id,
        st1_0.created_at,
        st1_0.created_by,
        st1_0.icon,
        st1_0.name,
        st1_0.route,
        st1_0.updated_at,
        st1_0.updated_by,
        t1_1.updated_at,
        t1_1.updated_by,
        p1_1.updated_at,
        p1_1.updated_by,
        u1_0.tax_id,
        u1_0.updated_at,
        u1_0.updated_by 
    from
        users u1_0 
    left join
        user_profiles p1_0 
            on u1_0.id=p1_0.user_id 
    left join
        profiles p1_1 
            on p1_1.id=p1_0.profile_id 
    left join
        profile_transactions t1_0 
            on p1_1.id=t1_0.profile_id 
    left join
        transactions t1_1 
            on t1_1.id=t1_0.transaction_id 
    left join
        transactions st1_0 
            on t1_1.id=st1_0.parent_id 
    where
        u1_0.id=?
2026-09-30 09:09:46 [http-nio-8080-exec-5] DEBUG org.hibernate.SQL - 
    select
        b1_0.id,
        b1_0.author,
        b1_0.available_copies,
        b1_0.created_at,
        b1_0.created_by,
        b1_0.isbn,
        b1_0.title,
        b1_0.updated_at,
        b1_0.updated_by 
    from
        books b1_0 
    where
        b1_0.id=?
2026-09-30 09:09:46 [http-nio-8080-exec-5] DEBUG m.c.d.s.services.LoanService - Empréstimo processado e persistido com sucesso na base de dados.
2026-09-30 09:09:46 [http-nio-8080-exec-5] DEBUG org.hibernate.SQL - 
    insert 
    into
        loans
        (book_id, checkout_date, created_at, created_by, due_date, return_date, status, updated_at, updated_by, user_id, id) 
    values
        (?, ?, ?, ?, ?, ?, ?, ?, ?, ?, ?)
2026-09-30 09:09:46 [http-nio-8080-exec-5] DEBUG org.hibernate.SQL - 
    update
        books 
    set
        author=?,
        available_copies=?,
        isbn=?,
        title=?,
        updated_at=?,
        updated_by=? 
    where
        id=?
2026-09-30 09:10:57 [http-nio-8080-exec-9] DEBUG org.hibernate.SQL - 
    select
        u1_0.id,
        u1_0.active,
        u1_0.created_at,
        u1_0.created_by,
        u1_0.email,
        u1_0.first_name,
        u1_0.has_active_fine,
        u1_0.last_name,
        u1_0.password,
        u1_0.tax_id,
        u1_0.updated_at,
        u1_0.updated_by 
    from
        users u1_0
2026-09-30 09:10:57 [http-nio-8080-exec-9] DEBUG org.hibernate.SQL - 
    select
        p1_0.user_id,
        p1_1.id,
        p1_1.created_at,
        p1_1.created_by,
        p1_1.name,
        t1_0.profile_id,
        t1_1.id,
        t1_1.created_at,
        t1_1.created_by,
        t1_1.icon,
        t1_1.name,
        t1_1.parent_id,
        t1_1.route,
        st1_0.parent_id,
        st1_0.id,
        st1_0.created_at,
        st1_0.created_by,
        st1_0.icon,
        st1_0.name,
        st1_0.route,
        st1_0.updated_at,
        st1_0.updated_by,
        t1_1.updated_at,
        t1_1.updated_by,
        p1_1.updated_at,
        p1_1.updated_by 
    from
        user_profiles p1_0 
    join
        profiles p1_1 
            on p1_1.id=p1_0.profile_id 
    left join
        profile_transactions t1_0 
            on p1_1.id=t1_0.profile_id 
    left join
        transactions t1_1 
            on t1_1.id=t1_0.transaction_id 
    left join
        transactions st1_0 
            on t1_1.id=st1_0.parent_id 
    where
        p1_0.user_id=?
2026-09-30 09:10:57 [http-nio-8080-exec-9] DEBUG org.hibernate.SQL - 
    select
        p1_0.user_id,
        p1_1.id,
        p1_1.created_at,
        p1_1.created_by,
        p1_1.name,
        t1_0.profile_id,
        t1_1.id,
        t1_1.created_at,
        t1_1.created_by,
        t1_1.icon,
        t1_1.name,
        t1_1.parent_id,
        t1_1.route,
        st1_0.parent_id,
        st1_0.id,
        st1_0.created_at,
        st1_0.created_by,
        st1_0.icon,
        st1_0.name,
        st1_0.route,
        st1_0.updated_at,
        st1_0.updated_by,
        t1_1.updated_at,
        t1_1.updated_by,
        p1_1.updated_at,
        p1_1.updated_by 
    from
        user_profiles p1_0 
    join
        profiles p1_1 
            on p1_1.id=p1_0.profile_id 
    left join
        profile_transactions t1_0 
            on p1_1.id=t1_0.profile_id 
    left join
        transactions t1_1 
            on t1_1.id=t1_0.transaction_id 
    left join
        transactions st1_0 
            on t1_1.id=st1_0.parent_id 
    where
        p1_0.user_id=?
2026-09-30 09:10:57 [http-nio-8080-exec-9] DEBUG org.hibernate.SQL - 
    select
        p1_0.user_id,
        p1_1.id,
        p1_1.created_at,
        p1_1.created_by,
        p1_1.name,
        t1_0.profile_id,
        t1_1.id,
        t1_1.created_at,
        t1_1.created_by,
        t1_1.icon,
        t1_1.name,
        t1_1.parent_id,
        t1_1.route,
        st1_0.parent_id,
        st1_0.id,
        st1_0.created_at,
        st1_0.created_by,
        st1_0.icon,
        st1_0.name,
        st1_0.route,
        st1_0.updated_at,
        st1_0.updated_by,
        t1_1.updated_at,
        t1_1.updated_by,
        p1_1.updated_at,
        p1_1.updated_by 
    from
        user_profiles p1_0 
    join
        profiles p1_1 
            on p1_1.id=p1_0.profile_id 
    left join
        profile_transactions t1_0 
            on p1_1.id=t1_0.profile_id 
    left join
        transactions t1_1 
            on t1_1.id=t1_0.transaction_id 
    left join
        transactions st1_0 
            on t1_1.id=st1_0.parent_id 
    where
        p1_0.user_id=?
2026-09-30 09:10:57 [http-nio-8080-exec-8] DEBUG org.hibernate.SQL - 
    select
        b1_0.id,
        b1_0.author,
        b1_0.available_copies,
        b1_0.created_at,
        b1_0.created_by,
        b1_0.isbn,
        b1_0.title,
        b1_0.updated_at,
        b1_0.updated_by 
    from
        books b1_0
2026-09-30 09:11:14 [http-nio-8080-exec-10] DEBUG org.hibernate.SQL - 
    select
        u1_0.id,
        u1_0.active,
        u1_0.created_at,
        u1_0.created_by,
        u1_0.email,
        u1_0.first_name,
        u1_0.has_active_fine,
        u1_0.last_name,
        u1_0.password,
        u1_0.tax_id,
        u1_0.updated_at,
        u1_0.updated_by 
    from
        users u1_0
2026-09-30 09:11:14 [http-nio-8080-exec-10] DEBUG org.hibernate.SQL - 
    select
        p1_0.user_id,
        p1_1.id,
        p1_1.created_at,
        p1_1.created_by,
        p1_1.name,
        t1_0.profile_id,
        t1_1.id,
        t1_1.created_at,
        t1_1.created_by,
        t1_1.icon,
        t1_1.name,
        t1_1.parent_id,
        t1_1.route,
        st1_0.parent_id,
        st1_0.id,
        st1_0.created_at,
        st1_0.created_by,
        st1_0.icon,
        st1_0.name,
        st1_0.route,
        st1_0.updated_at,
        st1_0.updated_by,
        t1_1.updated_at,
        t1_1.updated_by,
        p1_1.updated_at,
        p1_1.updated_by 
    from
        user_profiles p1_0 
    join
        profiles p1_1 
            on p1_1.id=p1_0.profile_id 
    left join
        profile_transactions t1_0 
            on p1_1.id=t1_0.profile_id 
    left join
        transactions t1_1 
            on t1_1.id=t1_0.transaction_id 
    left join
        transactions st1_0 
            on t1_1.id=st1_0.parent_id 
    where
        p1_0.user_id=?
2026-09-30 09:11:14 [http-nio-8080-exec-2] DEBUG org.hibernate.SQL - 
    select
        b1_0.id,
        b1_0.author,
        b1_0.available_copies,
        b1_0.created_at,
        b1_0.created_by,
        b1_0.isbn,
        b1_0.title,
        b1_0.updated_at,
        b1_0.updated_by 
    from
        books b1_0
2026-09-30 09:11:14 [http-nio-8080-exec-10] DEBUG org.hibernate.SQL - 
    select
        p1_0.user_id,
        p1_1.id,
        p1_1.created_at,
        p1_1.created_by,
        p1_1.name,
        t1_0.profile_id,
        t1_1.id,
        t1_1.created_at,
        t1_1.created_by,
        t1_1.icon,
        t1_1.name,
        t1_1.parent_id,
        t1_1.route,
        st1_0.parent_id,
        st1_0.id,
        st1_0.created_at,
        st1_0.created_by,
        st1_0.icon,
        st1_0.name,
        st1_0.route,
        st1_0.updated_at,
        st1_0.updated_by,
        t1_1.updated_at,
        t1_1.updated_by,
        p1_1.updated_at,
        p1_1.updated_by 
    from
        user_profiles p1_0 
    join
        profiles p1_1 
            on p1_1.id=p1_0.profile_id 
    left join
        profile_transactions t1_0 
            on p1_1.id=t1_0.profile_id 
    left join
        transactions t1_1 
            on t1_1.id=t1_0.transaction_id 
    left join
        transactions st1_0 
            on t1_1.id=st1_0.parent_id 
    where
        p1_0.user_id=?
2026-09-30 09:11:14 [http-nio-8080-exec-10] DEBUG org.hibernate.SQL - 
    select
        p1_0.user_id,
        p1_1.id,
        p1_1.created_at,
        p1_1.created_by,
        p1_1.name,
        t1_0.profile_id,
        t1_1.id,
        t1_1.created_at,
        t1_1.created_by,
        t1_1.icon,
        t1_1.name,
        t1_1.parent_id,
        t1_1.route,
        st1_0.parent_id,
        st1_0.id,
        st1_0.created_at,
        st1_0.created_by,
        st1_0.icon,
        st1_0.name,
        st1_0.route,
        st1_0.updated_at,
        st1_0.updated_by,
        t1_1.updated_at,
        t1_1.updated_by,
        p1_1.updated_at,
        p1_1.updated_by 
    from
        user_profiles p1_0 
    join
        profiles p1_1 
            on p1_1.id=p1_0.profile_id 
    left join
        profile_transactions t1_0 
            on p1_1.id=t1_0.profile_id 
    left join
        transactions t1_1 
            on t1_1.id=t1_0.transaction_id 
    left join
        transactions st1_0 
            on t1_1.id=st1_0.parent_id 
    where
        p1_0.user_id=?
2026-09-30 09:11:39 [http-nio-8080-exec-3] DEBUG org.hibernate.SQL - 
    select
        u1_0.id,
        u1_0.active,
        u1_0.created_at,
        u1_0.created_by,
        u1_0.email,
        u1_0.first_name,
        u1_0.has_active_fine,
        u1_0.last_name,
        u1_0.password,
        u1_0.tax_id,
        u1_0.updated_at,
        u1_0.updated_by 
    from
        users u1_0
2026-09-30 09:11:39 [http-nio-8080-exec-3] DEBUG org.hibernate.SQL - 
    select
        p1_0.user_id,
        p1_1.id,
        p1_1.created_at,
        p1_1.created_by,
        p1_1.name,
        t1_0.profile_id,
        t1_1.id,
        t1_1.created_at,
        t1_1.created_by,
        t1_1.icon,
        t1_1.name,
        t1_1.parent_id,
        t1_1.route,
        st1_0.parent_id,
        st1_0.id,
        st1_0.created_at,
        st1_0.created_by,
        st1_0.icon,
        st1_0.name,
        st1_0.route,
        st1_0.updated_at,
        st1_0.updated_by,
        t1_1.updated_at,
        t1_1.updated_by,
        p1_1.updated_at,
        p1_1.updated_by 
    from
        user_profiles p1_0 
    join
        profiles p1_1 
            on p1_1.id=p1_0.profile_id 
    left join
        profile_transactions t1_0 
            on p1_1.id=t1_0.profile_id 
    left join
        transactions t1_1 
            on t1_1.id=t1_0.transaction_id 
    left join
        transactions st1_0 
            on t1_1.id=st1_0.parent_id 
    where
        p1_0.user_id=?
2026-09-30 09:11:39 [http-nio-8080-exec-1] DEBUG org.hibernate.SQL - 
    select
        b1_0.id,
        b1_0.author,
        b1_0.available_copies,
        b1_0.created_at,
        b1_0.created_by,
        b1_0.isbn,
        b1_0.title,
        b1_0.updated_at,
        b1_0.updated_by 
    from
        books b1_0
2026-09-30 09:11:39 [http-nio-8080-exec-3] DEBUG org.hibernate.SQL - 
    select
        p1_0.user_id,
        p1_1.id,
        p1_1.created_at,
        p1_1.created_by,
        p1_1.name,
        t1_0.profile_id,
        t1_1.id,
        t1_1.created_at,
        t1_1.created_by,
        t1_1.icon,
        t1_1.name,
        t1_1.parent_id,
        t1_1.route,
        st1_0.parent_id,
        st1_0.id,
        st1_0.created_at,
        st1_0.created_by,
        st1_0.icon,
        st1_0.name,
        st1_0.route,
        st1_0.updated_at,
        st1_0.updated_by,
        t1_1.updated_at,
        t1_1.updated_by,
        p1_1.updated_at,
        p1_1.updated_by 
    from
        user_profiles p1_0 
    join
        profiles p1_1 
            on p1_1.id=p1_0.profile_id 
    left join
        profile_transactions t1_0 
            on p1_1.id=t1_0.profile_id 
    left join
        transactions t1_1 
            on t1_1.id=t1_0.transaction_id 
    left join
        transactions st1_0 
            on t1_1.id=st1_0.parent_id 
    where
        p1_0.user_id=?
2026-09-30 09:11:39 [http-nio-8080-exec-3] DEBUG org.hibernate.SQL - 
    select
        p1_0.user_id,
        p1_1.id,
        p1_1.created_at,
        p1_1.created_by,
        p1_1.name,
        t1_0.profile_id,
        t1_1.id,
        t1_1.created_at,
        t1_1.created_by,
        t1_1.icon,
        t1_1.name,
        t1_1.parent_id,
        t1_1.route,
        st1_0.parent_id,
        st1_0.id,
        st1_0.created_at,
        st1_0.created_by,
        st1_0.icon,
        st1_0.name,
        st1_0.route,
        st1_0.updated_at,
        st1_0.updated_by,
        t1_1.updated_at,
        t1_1.updated_by,
        p1_1.updated_at,
        p1_1.updated_by 
    from
        user_profiles p1_0 
    join
        profiles p1_1 
            on p1_1.id=p1_0.profile_id 
    left join
        profile_transactions t1_0 
            on p1_1.id=t1_0.profile_id 
    left join
        transactions t1_1 
            on t1_1.id=t1_0.transaction_id 
    left join
        transactions st1_0 
            on t1_1.id=st1_0.parent_id 
    where
        p1_0.user_id=?
2026-09-30 09:12:29 [http-nio-8080-exec-4] DEBUG org.hibernate.SQL - 
    select
        u1_0.id,
        u1_0.active,
        u1_0.created_at,
        u1_0.created_by,
        u1_0.email,
        u1_0.first_name,
        u1_0.has_active_fine,
        u1_0.last_name,
        u1_0.password,
        u1_0.tax_id,
        u1_0.updated_at,
        u1_0.updated_by 
    from
        users u1_0
2026-09-30 09:12:29 [http-nio-8080-exec-4] DEBUG org.hibernate.SQL - 
    select
        p1_0.user_id,
        p1_1.id,
        p1_1.created_at,
        p1_1.created_by,
        p1_1.name,
        t1_0.profile_id,
        t1_1.id,
        t1_1.created_at,
        t1_1.created_by,
        t1_1.icon,
        t1_1.name,
        t1_1.parent_id,
        t1_1.route,
        st1_0.parent_id,
        st1_0.id,
        st1_0.created_at,
        st1_0.created_by,
        st1_0.icon,
        st1_0.name,
        st1_0.route,
        st1_0.updated_at,
        st1_0.updated_by,
        t1_1.updated_at,
        t1_1.updated_by,
        p1_1.updated_at,
        p1_1.updated_by 
    from
        user_profiles p1_0 
    join
        profiles p1_1 
            on p1_1.id=p1_0.profile_id 
    left join
        profile_transactions t1_0 
            on p1_1.id=t1_0.profile_id 
    left join
        transactions t1_1 
            on t1_1.id=t1_0.transaction_id 
    left join
        transactions st1_0 
            on t1_1.id=st1_0.parent_id 
    where
        p1_0.user_id=?
2026-09-30 09:12:29 [http-nio-8080-exec-4] DEBUG org.hibernate.SQL - 
    select
        p1_0.user_id,
        p1_1.id,
        p1_1.created_at,
        p1_1.created_by,
        p1_1.name,
        t1_0.profile_id,
        t1_1.id,
        t1_1.created_at,
        t1_1.created_by,
        t1_1.icon,
        t1_1.name,
        t1_1.parent_id,
        t1_1.route,
        st1_0.parent_id,
        st1_0.id,
        st1_0.created_at,
        st1_0.created_by,
        st1_0.icon,
        st1_0.name,
        st1_0.route,
        st1_0.updated_at,
        st1_0.updated_by,
        t1_1.updated_at,
        t1_1.updated_by,
        p1_1.updated_at,
        p1_1.updated_by 
    from
        user_profiles p1_0 
    join
        profiles p1_1 
            on p1_1.id=p1_0.profile_id 
    left join
        profile_transactions t1_0 
            on p1_1.id=t1_0.profile_id 
    left join
        transactions t1_1 
            on t1_1.id=t1_0.transaction_id 
    left join
        transactions st1_0 
            on t1_1.id=st1_0.parent_id 
    where
        p1_0.user_id=?
2026-09-30 09:12:29 [http-nio-8080-exec-4] DEBUG org.hibernate.SQL - 
    select
        p1_0.user_id,
        p1_1.id,
        p1_1.created_at,
        p1_1.created_by,
        p1_1.name,
        t1_0.profile_id,
        t1_1.id,
        t1_1.created_at,
        t1_1.created_by,
        t1_1.icon,
        t1_1.name,
        t1_1.parent_id,
        t1_1.route,
        st1_0.parent_id,
        st1_0.id,
        st1_0.created_at,
        st1_0.created_by,
        st1_0.icon,
        st1_0.name,
        st1_0.route,
        st1_0.updated_at,
        st1_0.updated_by,
        t1_1.updated_at,
        t1_1.updated_by,
        p1_1.updated_at,
        p1_1.updated_by 
    from
        user_profiles p1_0 
    join
        profiles p1_1 
            on p1_1.id=p1_0.profile_id 
    left join
        profile_transactions t1_0 
            on p1_1.id=t1_0.profile_id 
    left join
        transactions t1_1 
            on t1_1.id=t1_0.transaction_id 
    left join
        transactions st1_0 
            on t1_1.id=st1_0.parent_id 
    where
        p1_0.user_id=?
2026-09-30 09:12:29 [http-nio-8080-exec-5] DEBUG org.hibernate.SQL - 
    select
        b1_0.id,
        b1_0.author,
        b1_0.available_copies,
        b1_0.created_at,
        b1_0.created_by,
        b1_0.isbn,
        b1_0.title,
        b1_0.updated_at,
        b1_0.updated_by 
    from
        books b1_0
2026-09-30 09:12:43 [http-nio-8080-exec-6] DEBUG org.hibernate.SQL - 
    select
        u1_0.id,
        u1_0.active,
        u1_0.created_at,
        u1_0.created_by,
        u1_0.email,
        u1_0.first_name,
        u1_0.has_active_fine,
        u1_0.last_name,
        u1_0.password,
        u1_0.tax_id,
        u1_0.updated_at,
        u1_0.updated_by 
    from
        users u1_0
2026-09-30 09:12:43 [http-nio-8080-exec-6] DEBUG org.hibernate.SQL - 
    select
        p1_0.user_id,
        p1_1.id,
        p1_1.created_at,
        p1_1.created_by,
        p1_1.name,
        t1_0.profile_id,
        t1_1.id,
        t1_1.created_at,
        t1_1.created_by,
        t1_1.icon,
        t1_1.name,
        t1_1.parent_id,
        t1_1.route,
        st1_0.parent_id,
        st1_0.id,
        st1_0.created_at,
        st1_0.created_by,
        st1_0.icon,
        st1_0.name,
        st1_0.route,
        st1_0.updated_at,
        st1_0.updated_by,
        t1_1.updated_at,
        t1_1.updated_by,
        p1_1.updated_at,
        p1_1.updated_by 
    from
        user_profiles p1_0 
    join
        profiles p1_1 
            on p1_1.id=p1_0.profile_id 
    left join
        profile_transactions t1_0 
            on p1_1.id=t1_0.profile_id 
    left join
        transactions t1_1 
            on t1_1.id=t1_0.transaction_id 
    left join
        transactions st1_0 
            on t1_1.id=st1_0.parent_id 
    where
        p1_0.user_id=?
2026-09-30 09:12:43 [http-nio-8080-exec-7] DEBUG org.hibernate.SQL - 
    select
        b1_0.id,
        b1_0.author,
        b1_0.available_copies,
        b1_0.created_at,
        b1_0.created_by,
        b1_0.isbn,
        b1_0.title,
        b1_0.updated_at,
        b1_0.updated_by 
    from
        books b1_0
2026-09-30 09:12:43 [http-nio-8080-exec-6] DEBUG org.hibernate.SQL - 
    select
        p1_0.user_id,
        p1_1.id,
        p1_1.created_at,
        p1_1.created_by,
        p1_1.name,
        t1_0.profile_id,
        t1_1.id,
        t1_1.created_at,
        t1_1.created_by,
        t1_1.icon,
        t1_1.name,
        t1_1.parent_id,
        t1_1.route,
        st1_0.parent_id,
        st1_0.id,
        st1_0.created_at,
        st1_0.created_by,
        st1_0.icon,
        st1_0.name,
        st1_0.route,
        st1_0.updated_at,
        st1_0.updated_by,
        t1_1.updated_at,
        t1_1.updated_by,
        p1_1.updated_at,
        p1_1.updated_by 
    from
        user_profiles p1_0 
    join
        profiles p1_1 
            on p1_1.id=p1_0.profile_id 
    left join
        profile_transactions t1_0 
            on p1_1.id=t1_0.profile_id 
    left join
        transactions t1_1 
            on t1_1.id=t1_0.transaction_id 
    left join
        transactions st1_0 
            on t1_1.id=st1_0.parent_id 
    where
        p1_0.user_id=?
2026-09-30 09:12:43 [http-nio-8080-exec-6] DEBUG org.hibernate.SQL - 
    select
        p1_0.user_id,
        p1_1.id,
        p1_1.created_at,
        p1_1.created_by,
        p1_1.name,
        t1_0.profile_id,
        t1_1.id,
        t1_1.created_at,
        t1_1.created_by,
        t1_1.icon,
        t1_1.name,
        t1_1.parent_id,
        t1_1.route,
        st1_0.parent_id,
        st1_0.id,
        st1_0.created_at,
        st1_0.created_by,
        st1_0.icon,
        st1_0.name,
        st1_0.route,
        st1_0.updated_at,
        st1_0.updated_by,
        t1_1.updated_at,
        t1_1.updated_by,
        p1_1.updated_at,
        p1_1.updated_by 
    from
        user_profiles p1_0 
    join
        profiles p1_1 
            on p1_1.id=p1_0.profile_id 
    left join
        profile_transactions t1_0 
            on p1_1.id=t1_0.profile_id 
    left join
        transactions t1_1 
            on t1_1.id=t1_0.transaction_id 
    left join
        transactions st1_0 
            on t1_1.id=st1_0.parent_id 
    where
        p1_0.user_id=?
2026-09-30 09:12:49 [http-nio-8080-exec-9] DEBUG org.hibernate.SQL - 
    select
        u1_0.id,
        u1_0.active,
        u1_0.created_at,
        u1_0.created_by,
        u1_0.email,
        u1_0.first_name,
        u1_0.has_active_fine,
        u1_0.last_name,
        u1_0.password,
        u1_0.tax_id,
        u1_0.updated_at,
        u1_0.updated_by 
    from
        users u1_0
2026-09-30 09:12:49 [http-nio-8080-exec-8] DEBUG org.hibernate.SQL - 
    select
        b1_0.id,
        b1_0.author,
        b1_0.available_copies,
        b1_0.created_at,
        b1_0.created_by,
        b1_0.isbn,
        b1_0.title,
        b1_0.updated_at,
        b1_0.updated_by 
    from
        books b1_0
2026-09-30 09:12:49 [http-nio-8080-exec-9] DEBUG org.hibernate.SQL - 
    select
        p1_0.user_id,
        p1_1.id,
        p1_1.created_at,
        p1_1.created_by,
        p1_1.name,
        t1_0.profile_id,
        t1_1.id,
        t1_1.created_at,
        t1_1.created_by,
        t1_1.icon,
        t1_1.name,
        t1_1.parent_id,
        t1_1.route,
        st1_0.parent_id,
        st1_0.id,
        st1_0.created_at,
        st1_0.created_by,
        st1_0.icon,
        st1_0.name,
        st1_0.route,
        st1_0.updated_at,
        st1_0.updated_by,
        t1_1.updated_at,
        t1_1.updated_by,
        p1_1.updated_at,
        p1_1.updated_by 
    from
        user_profiles p1_0 
    join
        profiles p1_1 
            on p1_1.id=p1_0.profile_id 
    left join
        profile_transactions t1_0 
            on p1_1.id=t1_0.profile_id 
    left join
        transactions t1_1 
            on t1_1.id=t1_0.transaction_id 
    left join
        transactions st1_0 
            on t1_1.id=st1_0.parent_id 
    where
        p1_0.user_id=?
2026-09-30 09:12:49 [http-nio-8080-exec-9] DEBUG org.hibernate.SQL - 
    select
        p1_0.user_id,
        p1_1.id,
        p1_1.created_at,
        p1_1.created_by,
        p1_1.name,
        t1_0.profile_id,
        t1_1.id,
        t1_1.created_at,
        t1_1.created_by,
        t1_1.icon,
        t1_1.name,
        t1_1.parent_id,
        t1_1.route,
        st1_0.parent_id,
        st1_0.id,
        st1_0.created_at,
        st1_0.created_by,
        st1_0.icon,
        st1_0.name,
        st1_0.route,
        st1_0.updated_at,
        st1_0.updated_by,
        t1_1.updated_at,
        t1_1.updated_by,
        p1_1.updated_at,
        p1_1.updated_by 
    from
        user_profiles p1_0 
    join
        profiles p1_1 
            on p1_1.id=p1_0.profile_id 
    left join
        profile_transactions t1_0 
            on p1_1.id=t1_0.profile_id 
    left join
        transactions t1_1 
            on t1_1.id=t1_0.transaction_id 
    left join
        transactions st1_0 
            on t1_1.id=st1_0.parent_id 
    where
        p1_0.user_id=?
2026-09-30 09:12:49 [http-nio-8080-exec-9] DEBUG org.hibernate.SQL - 
    select
        p1_0.user_id,
        p1_1.id,
        p1_1.created_at,
        p1_1.created_by,
        p1_1.name,
        t1_0.profile_id,
        t1_1.id,
        t1_1.created_at,
        t1_1.created_by,
        t1_1.icon,
        t1_1.name,
        t1_1.parent_id,
        t1_1.route,
        st1_0.parent_id,
        st1_0.id,
        st1_0.created_at,
        st1_0.created_by,
        st1_0.icon,
        st1_0.name,
        st1_0.route,
        st1_0.updated_at,
        st1_0.updated_by,
        t1_1.updated_at,
        t1_1.updated_by,
        p1_1.updated_at,
        p1_1.updated_by 
    from
        user_profiles p1_0 
    join
        profiles p1_1 
            on p1_1.id=p1_0.profile_id 
    left join
        profile_transactions t1_0 
            on p1_1.id=t1_0.profile_id 
    left join
        transactions t1_1 
            on t1_1.id=t1_0.transaction_id 
    left join
        transactions st1_0 
            on t1_1.id=st1_0.parent_id 
    where
        p1_0.user_id=?
2026-09-30 09:18:59 [http-nio-8080-exec-1] DEBUG org.hibernate.SQL - 
    select
        b1_0.id,
        b1_0.author,
        b1_0.available_copies,
        b1_0.created_at,
        b1_0.created_by,
        b1_0.isbn,
        b1_0.title,
        b1_0.updated_at,
        b1_0.updated_by 
    from
        books b1_0
2026-09-30 09:21:02 [SpringApplicationShutdownHook] INFO  o.s.boot.tomcat.GracefulShutdown - Commencing graceful shutdown. Waiting for active requests to complete
2026-09-30 09:21:02 [tomcat-shutdown] INFO  o.s.boot.tomcat.GracefulShutdown - Graceful shutdown complete
2026-09-30 09:21:02 [SpringApplicationShutdownHook] INFO  o.s.o.j.LocalContainerEntityManagerFactoryBean - Closing JPA EntityManagerFactory for persistence unit 'default'
2026-09-30 09:21:02 [SpringApplicationShutdownHook] INFO  com.zaxxer.hikari.HikariDataSource - HikariPool-1 - Shutdown initiated...
2026-09-30 09:21:02 [SpringApplicationShutdownHook] INFO  com.zaxxer.hikari.HikariDataSource - HikariPool-1 - Shutdown completed.
2026-09-30 09:21:15 [main] INFO  m.c.d.s.SmartLibraryApplication - Starting SmartLibraryApplication using Java 25.0.3 with PID 146845 (/home/estevaodimaca/Documents/desenvolvimento/workspaces/antigravity-IDE/bibliotecainstitucional/smart-library/smart-library-core/target/classes started by estevaodimaca in /home/estevaodimaca/Documents/desenvolvimento/workspaces/antigravity-IDE/bibliotecainstitucional/smart-library/smart-library-core)
2026-09-30 09:21:15 [main] DEBUG m.c.d.s.SmartLibraryApplication - Running with Spring Boot v4.1.1, Spring v7.0.9
2026-09-30 09:21:15 [main] INFO  m.c.d.s.SmartLibraryApplication - The following 1 profile is active: "dev"
2026-09-30 09:21:16 [background-preinit] INFO  o.h.validator.internal.util.Version - HV000001: Hibernate Validator 9.1.3.Final
2026-09-30 09:21:16 [main] INFO  o.s.d.r.c.RepositoryConfigurationDelegate - Bootstrapping Spring Data JPA repositories in DEFAULT mode.
2026-09-30 09:21:16 [main] INFO  o.s.d.r.c.RepositoryConfigurationDelegate - Finished Spring Data repository scanning in 39 ms. Found 3 JPA repository interfaces.
2026-09-30 09:21:16 [main] INFO  o.s.boot.tomcat.TomcatWebServer - Tomcat initialized with port 8080 (http)
2026-09-30 09:21:16 [main] INFO  o.a.coyote.http11.Http11NioProtocol - Initializing ProtocolHandler ["http-nio-8080"]
2026-09-30 09:21:16 [main] INFO  o.a.catalina.core.StandardService - Starting service [Tomcat]
2026-09-30 09:21:16 [main] INFO  o.a.catalina.core.StandardEngine - Starting Servlet engine: [Apache Tomcat/11.0.24]
2026-09-30 09:21:16 [main] INFO  o.s.b.w.c.s.WebApplicationContextInitializer - Root WebApplicationContext: initialization completed in 818 ms
2026-09-30 09:21:16 [main] INFO  org.hibernate.orm.jpa - HHH008540: Processing PersistenceUnitInfo [name: default]
2026-09-30 09:21:16 [main] INFO  org.hibernate.orm.core - HHH000001: Hibernate ORM core version 7.4.5.Final
2026-09-30 09:21:17 [main] INFO  o.s.o.j.p.SpringPersistenceUnitInfo - No LoadTimeWeaver setup: ignoring JPA class transformer
2026-09-30 09:21:17 [main] INFO  com.zaxxer.hikari.HikariDataSource - HikariPool-1 - Starting...
2026-09-30 09:21:17 [main] INFO  com.zaxxer.hikari.pool.HikariPool - HikariPool-1 - Added connection org.postgresql.jdbc.PgConnection@7337bd2e
2026-09-30 09:21:17 [main] INFO  com.zaxxer.hikari.HikariDataSource - HikariPool-1 - Start completed.
2026-09-30 09:21:17 [main] WARN  org.hibernate.orm.deprecation - HHH90000025: PostgreSQLDialect does not need to be specified explicitly using 'hibernate.dialect' (remove the property setting and it will be selected by default)
2026-09-30 09:21:17 [main] INFO  o.hibernate.orm.connections.pooling - HHH10001005: Database info:
	Database JDBC URL [jdbc:postgresql://localhost:5432/smart_library_db]
	Database driver: PostgreSQL JDBC Driver
	Database dialect: PostgreSQLDialect
	Database version: 16.4
	Default catalog/schema: smart_library_db/public
	Autocommit mode: undefined/unknown
	Isolation level: READ_COMMITTED [default READ_COMMITTED]
	JDBC fetch size: none
	Pool: DataSourceConnectionProvider
	Minimum pool size: undefined/unknown
	Maximum pool size: undefined/unknown
2026-09-30 09:21:18 [main] INFO  org.hibernate.orm.core - HHH000489: No JTA platform available (set 'hibernate.transaction.jta.platform' to enable JTA platform integration)
2026-09-30 09:21:18 [main] INFO  o.s.o.j.LocalContainerEntityManagerFactoryBean - Initialized JPA EntityManagerFactory for persistence unit 'default'
2026-09-30 09:21:18 [main] INFO  o.s.d.j.r.q.QueryEnhancerFactories - Hibernate is in classpath; If applicable, HQL parser will be used.
2026-09-30 09:21:18 [main] WARN  o.s.b.j.a.JpaBaseConfiguration$JpaWebConfiguration - spring.jpa.open-in-view is enabled by default. Therefore, database queries may be performed during view rendering. Explicitly configure spring.jpa.open-in-view to disable this warning
2026-09-30 09:21:18 [main] INFO  o.a.coyote.http11.Http11NioProtocol - Starting ProtocolHandler ["http-nio-8080"]
2026-09-30 09:21:18 [main] INFO  o.s.boot.tomcat.TomcatWebServer - Tomcat started on port 8080 (http) with context path '/api'
2026-09-30 09:21:18 [main] INFO  m.c.d.s.SmartLibraryApplication - Started SmartLibraryApplication in 3.029 seconds (process running for 3.224)
2026-09-30 09:22:17 [http-nio-8080-exec-1] INFO  o.a.c.c.C.[.[localhost].[/api] - Initializing Spring DispatcherServlet 'dispatcherServlet'
2026-09-30 09:22:17 [http-nio-8080-exec-1] INFO  o.s.web.servlet.DispatcherServlet - Initializing Servlet 'dispatcherServlet'
2026-09-30 09:22:17 [http-nio-8080-exec-1] INFO  o.s.web.servlet.DispatcherServlet - Completed initialization in 1 ms
2026-09-30 09:22:17 [http-nio-8080-exec-1] DEBUG org.hibernate.SQL - 
    select
        b1_0.id,
        b1_0.author,
        b1_0.available_copies,
        b1_0.created_at,
        b1_0.created_by,
        b1_0.isbn,
        b1_0.title,
        b1_0.updated_at,
        b1_0.updated_by 
    from
        books b1_0
2026-09-30 09:22:26 [http-nio-8080-exec-2] DEBUG org.hibernate.SQL - 
    select
        u1_0.id,
        u1_0.active,
        u1_0.created_at,
        u1_0.created_by,
        u1_0.email,
        u1_0.first_name,
        u1_0.has_active_fine,
        u1_0.last_name,
        u1_0.password,
        u1_0.tax_id,
        u1_0.updated_at,
        u1_0.updated_by 
    from
        users u1_0
2026-09-30 09:22:26 [http-nio-8080-exec-2] DEBUG org.hibernate.SQL - 
    select
        p1_0.user_id,
        p1_1.id,
        p1_1.created_at,
        p1_1.created_by,
        p1_1.name,
        t1_0.profile_id,
        t1_1.id,
        t1_1.created_at,
        t1_1.created_by,
        t1_1.icon,
        t1_1.name,
        t1_1.parent_id,
        t1_1.route,
        st1_0.parent_id,
        st1_0.id,
        st1_0.created_at,
        st1_0.created_by,
        st1_0.icon,
        st1_0.name,
        st1_0.route,
        st1_0.updated_at,
        st1_0.updated_by,
        t1_1.updated_at,
        t1_1.updated_by,
        p1_1.updated_at,
        p1_1.updated_by 
    from
        user_profiles p1_0 
    join
        profiles p1_1 
            on p1_1.id=p1_0.profile_id 
    left join
        profile_transactions t1_0 
            on p1_1.id=t1_0.profile_id 
    left join
        transactions t1_1 
            on t1_1.id=t1_0.transaction_id 
    left join
        transactions st1_0 
            on t1_1.id=st1_0.parent_id 
    where
        p1_0.user_id=?
2026-09-30 09:22:26 [http-nio-8080-exec-2] DEBUG org.hibernate.SQL - 
    select
        p1_0.user_id,
        p1_1.id,
        p1_1.created_at,
        p1_1.created_by,
        p1_1.name,
        t1_0.profile_id,
        t1_1.id,
        t1_1.created_at,
        t1_1.created_by,
        t1_1.icon,
        t1_1.name,
        t1_1.parent_id,
        t1_1.route,
        st1_0.parent_id,
        st1_0.id,
        st1_0.created_at,
        st1_0.created_by,
        st1_0.icon,
        st1_0.name,
        st1_0.route,
        st1_0.updated_at,
        st1_0.updated_by,
        t1_1.updated_at,
        t1_1.updated_by,
        p1_1.updated_at,
        p1_1.updated_by 
    from
        user_profiles p1_0 
    join
        profiles p1_1 
            on p1_1.id=p1_0.profile_id 
    left join
        profile_transactions t1_0 
            on p1_1.id=t1_0.profile_id 
    left join
        transactions t1_1 
            on t1_1.id=t1_0.transaction_id 
    left join
        transactions st1_0 
            on t1_1.id=st1_0.parent_id 
    where
        p1_0.user_id=?
2026-09-30 09:22:26 [http-nio-8080-exec-2] DEBUG org.hibernate.SQL - 
    select
        p1_0.user_id,
        p1_1.id,
        p1_1.created_at,
        p1_1.created_by,
        p1_1.name,
        t1_0.profile_id,
        t1_1.id,
        t1_1.created_at,
        t1_1.created_by,
        t1_1.icon,
        t1_1.name,
        t1_1.parent_id,
        t1_1.route,
        st1_0.parent_id,
        st1_0.id,
        st1_0.created_at,
        st1_0.created_by,
        st1_0.icon,
        st1_0.name,
        st1_0.route,
        st1_0.updated_at,
        st1_0.updated_by,
        t1_1.updated_at,
        t1_1.updated_by,
        p1_1.updated_at,
        p1_1.updated_by 
    from
        user_profiles p1_0 
    join
        profiles p1_1 
            on p1_1.id=p1_0.profile_id 
    left join
        profile_transactions t1_0 
            on p1_1.id=t1_0.profile_id 
    left join
        transactions t1_1 
            on t1_1.id=t1_0.transaction_id 
    left join
        transactions st1_0 
            on t1_1.id=st1_0.parent_id 
    where
        p1_0.user_id=?
2026-09-30 09:22:28 [http-nio-8080-exec-3] DEBUG org.hibernate.SQL - 
    select
        l1_0.id,
        l1_0.book_id,
        l1_0.checkout_date,
        l1_0.created_at,
        l1_0.created_by,
        l1_0.due_date,
        l1_0.return_date,
        l1_0.status,
        l1_0.updated_at,
        l1_0.updated_by,
        l1_0.user_id 
    from
        loans l1_0 
    where
        l1_0.user_id=?
2026-09-30 09:22:28 [http-nio-8080-exec-3] DEBUG org.hibernate.SQL - 
    select
        b1_0.id,
        b1_0.author,
        b1_0.available_copies,
        b1_0.created_at,
        b1_0.created_by,
        b1_0.isbn,
        b1_0.title,
        b1_0.updated_at,
        b1_0.updated_by 
    from
        books b1_0 
    where
        b1_0.id=?
2026-09-30 09:22:33 [http-nio-8080-exec-4] DEBUG org.hibernate.SQL - 
    select
        u1_0.id,
        u1_0.active,
        u1_0.created_at,
        u1_0.created_by,
        u1_0.email,
        u1_0.first_name,
        u1_0.has_active_fine,
        u1_0.last_name,
        u1_0.password,
        u1_0.tax_id,
        u1_0.updated_at,
        u1_0.updated_by 
    from
        users u1_0
2026-09-30 09:22:33 [http-nio-8080-exec-4] DEBUG org.hibernate.SQL - 
    select
        p1_0.user_id,
        p1_1.id,
        p1_1.created_at,
        p1_1.created_by,
        p1_1.name,
        t1_0.profile_id,
        t1_1.id,
        t1_1.created_at,
        t1_1.created_by,
        t1_1.icon,
        t1_1.name,
        t1_1.parent_id,
        t1_1.route,
        st1_0.parent_id,
        st1_0.id,
        st1_0.created_at,
        st1_0.created_by,
        st1_0.icon,
        st1_0.name,
        st1_0.route,
        st1_0.updated_at,
        st1_0.updated_by,
        t1_1.updated_at,
        t1_1.updated_by,
        p1_1.updated_at,
        p1_1.updated_by 
    from
        user_profiles p1_0 
    join
        profiles p1_1 
            on p1_1.id=p1_0.profile_id 
    left join
        profile_transactions t1_0 
            on p1_1.id=t1_0.profile_id 
    left join
        transactions t1_1 
            on t1_1.id=t1_0.transaction_id 
    left join
        transactions st1_0 
            on t1_1.id=st1_0.parent_id 
    where
        p1_0.user_id=?
2026-09-30 09:22:33 [http-nio-8080-exec-5] DEBUG org.hibernate.SQL - 
    select
        b1_0.id,
        b1_0.author,
        b1_0.available_copies,
        b1_0.created_at,
        b1_0.created_by,
        b1_0.isbn,
        b1_0.title,
        b1_0.updated_at,
        b1_0.updated_by 
    from
        books b1_0
2026-09-30 09:22:33 [http-nio-8080-exec-4] DEBUG org.hibernate.SQL - 
    select
        p1_0.user_id,
        p1_1.id,
        p1_1.created_at,
        p1_1.created_by,
        p1_1.name,
        t1_0.profile_id,
        t1_1.id,
        t1_1.created_at,
        t1_1.created_by,
        t1_1.icon,
        t1_1.name,
        t1_1.parent_id,
        t1_1.route,
        st1_0.parent_id,
        st1_0.id,
        st1_0.created_at,
        st1_0.created_by,
        st1_0.icon,
        st1_0.name,
        st1_0.route,
        st1_0.updated_at,
        st1_0.updated_by,
        t1_1.updated_at,
        t1_1.updated_by,
        p1_1.updated_at,
        p1_1.updated_by 
    from
        user_profiles p1_0 
    join
        profiles p1_1 
            on p1_1.id=p1_0.profile_id 
    left join
        profile_transactions t1_0 
            on p1_1.id=t1_0.profile_id 
    left join
        transactions t1_1 
            on t1_1.id=t1_0.transaction_id 
    left join
        transactions st1_0 
            on t1_1.id=st1_0.parent_id 
    where
        p1_0.user_id=?
2026-09-30 09:22:33 [http-nio-8080-exec-4] DEBUG org.hibernate.SQL - 
    select
        p1_0.user_id,
        p1_1.id,
        p1_1.created_at,
        p1_1.created_by,
        p1_1.name,
        t1_0.profile_id,
        t1_1.id,
        t1_1.created_at,
        t1_1.created_by,
        t1_1.icon,
        t1_1.name,
        t1_1.parent_id,
        t1_1.route,
        st1_0.parent_id,
        st1_0.id,
        st1_0.created_at,
        st1_0.created_by,
        st1_0.icon,
        st1_0.name,
        st1_0.route,
        st1_0.updated_at,
        st1_0.updated_by,
        t1_1.updated_at,
        t1_1.updated_by,
        p1_1.updated_at,
        p1_1.updated_by 
    from
        user_profiles p1_0 
    join
        profiles p1_1 
            on p1_1.id=p1_0.profile_id 
    left join
        profile_transactions t1_0 
            on p1_1.id=t1_0.profile_id 
    left join
        transactions t1_1 
            on t1_1.id=t1_0.transaction_id 
    left join
        transactions st1_0 
            on t1_1.id=st1_0.parent_id 
    where
        p1_0.user_id=?
2026-09-30 09:22:34 [http-nio-8080-exec-6] DEBUG org.hibernate.SQL - 
    select
        l1_0.id,
        l1_0.book_id,
        l1_0.checkout_date,
        l1_0.created_at,
        l1_0.created_by,
        l1_0.due_date,
        l1_0.return_date,
        l1_0.status,
        l1_0.updated_at,
        l1_0.updated_by,
        l1_0.user_id 
    from
        loans l1_0 
    where
        l1_0.user_id=?
2026-09-30 09:22:34 [http-nio-8080-exec-6] DEBUG org.hibernate.SQL - 
    select
        b1_0.id,
        b1_0.author,
        b1_0.available_copies,
        b1_0.created_at,
        b1_0.created_by,
        b1_0.isbn,
        b1_0.title,
        b1_0.updated_at,
        b1_0.updated_by 
    from
        books b1_0 
    where
        b1_0.id=?
2026-09-30 09:23:41 [http-nio-8080-exec-9] DEBUG org.hibernate.SQL - 
    select
        l1_0.id,
        l1_0.book_id,
        l1_0.checkout_date,
        l1_0.created_at,
        l1_0.created_by,
        l1_0.due_date,
        l1_0.return_date,
        l1_0.status,
        l1_0.updated_at,
        l1_0.updated_by,
        l1_0.user_id 
    from
        loans l1_0 
    where
        l1_0.user_id=?
2026-09-30 09:23:41 [http-nio-8080-exec-9] DEBUG org.hibernate.SQL - 
    select
        b1_0.id,
        b1_0.author,
        b1_0.available_copies,
        b1_0.created_at,
        b1_0.created_by,
        b1_0.isbn,
        b1_0.title,
        b1_0.updated_at,
        b1_0.updated_by 
    from
        books b1_0 
    where
        b1_0.id=?
2026-09-30 09:23:41 [http-nio-8080-exec-9] DEBUG org.hibernate.SQL - 
    select
        b1_0.id,
        b1_0.author,
        b1_0.available_copies,
        b1_0.created_at,
        b1_0.created_by,
        b1_0.isbn,
        b1_0.title,
        b1_0.updated_at,
        b1_0.updated_by 
    from
        books b1_0 
    where
        b1_0.id=?
2026-09-30 09:24:07 [http-nio-8080-exec-1] DEBUG org.hibernate.SQL - 
    select
        l1_0.id,
        l1_0.book_id,
        l1_0.checkout_date,
        l1_0.created_at,
        l1_0.created_by,
        l1_0.due_date,
        l1_0.return_date,
        l1_0.status,
        l1_0.updated_at,
        l1_0.updated_by,
        l1_0.user_id 
    from
        loans l1_0 
    where
        l1_0.user_id=?
2026-09-30 09:24:07 [http-nio-8080-exec-1] DEBUG org.hibernate.SQL - 
    select
        b1_0.id,
        b1_0.author,
        b1_0.available_copies,
        b1_0.created_at,
        b1_0.created_by,
        b1_0.isbn,
        b1_0.title,
        b1_0.updated_at,
        b1_0.updated_by 
    from
        books b1_0 
    where
        b1_0.id=?
2026-09-30 09:24:43 [http-nio-8080-exec-2] DEBUG org.hibernate.SQL - 
    select
        l1_0.id,
        l1_0.book_id,
        l1_0.checkout_date,
        l1_0.created_at,
        l1_0.created_by,
        l1_0.due_date,
        l1_0.return_date,
        l1_0.status,
        l1_0.updated_at,
        l1_0.updated_by,
        l1_0.user_id 
    from
        loans l1_0 
    where
        l1_0.user_id=?
2026-09-30 09:24:43 [http-nio-8080-exec-2] DEBUG org.hibernate.SQL - 
    select
        b1_0.id,
        b1_0.author,
        b1_0.available_copies,
        b1_0.created_at,
        b1_0.created_by,
        b1_0.isbn,
        b1_0.title,
        b1_0.updated_at,
        b1_0.updated_by 
    from
        books b1_0 
    where
        b1_0.id=?
2026-09-30 09:35:48 [http-nio-8080-exec-5] DEBUG org.hibernate.SQL - 
    select
        l1_0.id,
        l1_0.book_id,
        l1_0.checkout_date,
        l1_0.created_at,
        l1_0.created_by,
        l1_0.due_date,
        l1_0.return_date,
        l1_0.status,
        l1_0.updated_at,
        l1_0.updated_by,
        l1_0.user_id 
    from
        loans l1_0 
    where
        l1_0.user_id=?
2026-09-30 09:35:48 [http-nio-8080-exec-5] DEBUG org.hibernate.SQL - 
    select
        b1_0.id,
        b1_0.author,
        b1_0.available_copies,
        b1_0.created_at,
        b1_0.created_by,
        b1_0.isbn,
        b1_0.title,
        b1_0.updated_at,
        b1_0.updated_by 
    from
        books b1_0 
    where
        b1_0.id=?
2026-09-30 09:38:21 [http-nio-8080-exec-6] DEBUG org.hibernate.SQL - 
    select
        l1_0.id,
        l1_0.book_id,
        l1_0.checkout_date,
        l1_0.created_at,
        l1_0.created_by,
        l1_0.due_date,
        l1_0.return_date,
        l1_0.status,
        l1_0.updated_at,
        l1_0.updated_by,
        l1_0.user_id 
    from
        loans l1_0 
    where
        l1_0.user_id=?
2026-09-30 09:38:21 [http-nio-8080-exec-6] DEBUG org.hibernate.SQL - 
    select
        b1_0.id,
        b1_0.author,
        b1_0.available_copies,
        b1_0.created_at,
        b1_0.created_by,
        b1_0.isbn,
        b1_0.title,
        b1_0.updated_at,
        b1_0.updated_by 
    from
        books b1_0 
    where
        b1_0.id=?
2026-09-30 09:38:23 [http-nio-8080-exec-7] DEBUG org.hibernate.SQL - 
    select
        l1_0.id,
        l1_0.book_id,
        l1_0.checkout_date,
        l1_0.created_at,
        l1_0.created_by,
        l1_0.due_date,
        l1_0.return_date,
        l1_0.status,
        l1_0.updated_at,
        l1_0.updated_by,
        l1_0.user_id 
    from
        loans l1_0 
    where
        l1_0.user_id=?
2026-09-30 09:38:23 [http-nio-8080-exec-7] DEBUG org.hibernate.SQL - 
    select
        b1_0.id,
        b1_0.author,
        b1_0.available_copies,
        b1_0.created_at,
        b1_0.created_by,
        b1_0.isbn,
        b1_0.title,
        b1_0.updated_at,
        b1_0.updated_by 
    from
        books b1_0 
    where
        b1_0.id=?
2026-09-30 09:38:29 [SpringApplicationShutdownHook] INFO  o.s.boot.tomcat.GracefulShutdown - Commencing graceful shutdown. Waiting for active requests to complete
2026-09-30 09:38:29 [tomcat-shutdown] INFO  o.s.boot.tomcat.GracefulShutdown - Graceful shutdown complete
2026-09-30 09:38:29 [SpringApplicationShutdownHook] INFO  o.s.o.j.LocalContainerEntityManagerFactoryBean - Closing JPA EntityManagerFactory for persistence unit 'default'
2026-09-30 09:38:29 [SpringApplicationShutdownHook] INFO  com.zaxxer.hikari.HikariDataSource - HikariPool-1 - Shutdown initiated...
2026-09-30 09:38:29 [SpringApplicationShutdownHook] INFO  com.zaxxer.hikari.HikariDataSource - HikariPool-1 - Shutdown completed.
2026-09-30 09:38:35 [main] INFO  m.c.d.s.SmartLibraryApplication - Starting SmartLibraryApplication using Java 25.0.3 with PID 153744 (/home/estevaodimaca/Documents/desenvolvimento/workspaces/antigravity-IDE/bibliotecainstitucional/smart-library/smart-library-core/target/classes started by estevaodimaca in /home/estevaodimaca/Documents/desenvolvimento/workspaces/antigravity-IDE/bibliotecainstitucional/smart-library/smart-library-core)
2026-09-30 09:38:35 [main] DEBUG m.c.d.s.SmartLibraryApplication - Running with Spring Boot v4.1.1, Spring v7.0.9
2026-09-30 09:38:35 [main] INFO  m.c.d.s.SmartLibraryApplication - The following 1 profile is active: "dev"
2026-09-30 09:38:35 [background-preinit] INFO  o.h.validator.internal.util.Version - HV000001: Hibernate Validator 9.1.3.Final
2026-09-30 09:38:35 [main] INFO  o.s.d.r.c.RepositoryConfigurationDelegate - Bootstrapping Spring Data JPA repositories in DEFAULT mode.
2026-09-30 09:38:35 [main] INFO  o.s.d.r.c.RepositoryConfigurationDelegate - Finished Spring Data repository scanning in 32 ms. Found 5 JPA repository interfaces.
2026-09-30 09:38:36 [main] INFO  o.s.boot.tomcat.TomcatWebServer - Tomcat initialized with port 8080 (http)
2026-09-30 09:38:36 [main] INFO  o.a.coyote.http11.Http11NioProtocol - Initializing ProtocolHandler ["http-nio-8080"]
2026-09-30 09:38:36 [main] INFO  o.a.catalina.core.StandardService - Starting service [Tomcat]
2026-09-30 09:38:36 [main] INFO  o.a.catalina.core.StandardEngine - Starting Servlet engine: [Apache Tomcat/11.0.24]
2026-09-30 09:38:36 [main] INFO  o.s.b.w.c.s.WebApplicationContextInitializer - Root WebApplicationContext: initialization completed in 842 ms
2026-09-30 09:38:36 [main] INFO  org.hibernate.orm.jpa - HHH008540: Processing PersistenceUnitInfo [name: default]
2026-09-30 09:38:36 [main] INFO  org.hibernate.orm.core - HHH000001: Hibernate ORM core version 7.4.5.Final
2026-09-30 09:38:36 [main] INFO  o.s.o.j.p.SpringPersistenceUnitInfo - No LoadTimeWeaver setup: ignoring JPA class transformer
2026-09-30 09:38:36 [main] INFO  com.zaxxer.hikari.HikariDataSource - HikariPool-1 - Starting...
2026-09-30 09:38:36 [main] INFO  com.zaxxer.hikari.pool.HikariPool - HikariPool-1 - Added connection org.postgresql.jdbc.PgConnection@5897aae1
2026-09-30 09:38:36 [main] INFO  com.zaxxer.hikari.HikariDataSource - HikariPool-1 - Start completed.
2026-09-30 09:38:36 [main] WARN  org.hibernate.orm.deprecation - HHH90000025: PostgreSQLDialect does not need to be specified explicitly using 'hibernate.dialect' (remove the property setting and it will be selected by default)
2026-09-30 09:38:36 [main] INFO  o.hibernate.orm.connections.pooling - HHH10001005: Database info:
	Database JDBC URL [jdbc:postgresql://localhost:5432/smart_library_db]
	Database driver: PostgreSQL JDBC Driver
	Database dialect: PostgreSQLDialect
	Database version: 16.4
	Default catalog/schema: smart_library_db/public
	Autocommit mode: undefined/unknown
	Isolation level: READ_COMMITTED [default READ_COMMITTED]
	JDBC fetch size: none
	Pool: DataSourceConnectionProvider
	Minimum pool size: undefined/unknown
	Maximum pool size: undefined/unknown
2026-09-30 09:38:37 [main] INFO  org.hibernate.orm.core - HHH000489: No JTA platform available (set 'hibernate.transaction.jta.platform' to enable JTA platform integration)
2026-09-30 09:38:37 [main] INFO  o.s.o.j.LocalContainerEntityManagerFactoryBean - Initialized JPA EntityManagerFactory for persistence unit 'default'
2026-09-30 09:38:37 [main] INFO  o.s.d.j.r.q.QueryEnhancerFactories - Hibernate is in classpath; If applicable, HQL parser will be used.
2026-09-30 09:38:37 [main] WARN  o.s.b.j.a.JpaBaseConfiguration$JpaWebConfiguration - spring.jpa.open-in-view is enabled by default. Therefore, database queries may be performed during view rendering. Explicitly configure spring.jpa.open-in-view to disable this warning
2026-09-30 09:38:38 [main] INFO  o.a.coyote.http11.Http11NioProtocol - Starting ProtocolHandler ["http-nio-8080"]
2026-09-30 09:38:38 [main] INFO  o.s.boot.tomcat.TomcatWebServer - Tomcat started on port 8080 (http) with context path '/api'
2026-09-30 09:38:38 [main] INFO  m.c.d.s.SmartLibraryApplication - Started SmartLibraryApplication in 3.093 seconds (process running for 3.29)
2026-09-30 09:39:59 [http-nio-8080-exec-1] INFO  o.a.c.c.C.[.[localhost].[/api] - Initializing Spring DispatcherServlet 'dispatcherServlet'
2026-09-30 09:39:59 [http-nio-8080-exec-1] INFO  o.s.web.servlet.DispatcherServlet - Initializing Servlet 'dispatcherServlet'
2026-09-30 09:39:59 [http-nio-8080-exec-1] INFO  o.s.web.servlet.DispatcherServlet - Completed initialization in 1 ms
2026-09-30 09:39:59 [http-nio-8080-exec-1] DEBUG org.hibernate.SQL - 
    select
        l1_0.id,
        l1_0.book_id,
        l1_0.checkout_date,
        l1_0.created_at,
        l1_0.created_by,
        l1_0.due_date,
        l1_0.return_date,
        l1_0.status,
        l1_0.updated_at,
        l1_0.updated_by,
        l1_0.user_id 
    from
        loans l1_0 
    where
        l1_0.user_id=?
2026-09-30 09:39:59 [http-nio-8080-exec-1] DEBUG org.hibernate.SQL - 
    select
        b1_0.id,
        b1_0.author,
        b1_0.available_copies,
        b1_0.created_at,
        b1_0.created_by,
        b1_0.isbn,
        b1_0.title,
        b1_0.updated_at,
        b1_0.updated_by 
    from
        books b1_0 
    where
        b1_0.id=?
2026-09-30 09:40:01 [http-nio-8080-exec-2] DEBUG org.hibernate.SQL - 
    select
        l1_0.id,
        l1_0.book_id,
        l1_0.checkout_date,
        l1_0.created_at,
        l1_0.created_by,
        l1_0.due_date,
        l1_0.return_date,
        l1_0.status,
        l1_0.updated_at,
        l1_0.updated_by,
        l1_0.user_id 
    from
        loans l1_0 
    where
        l1_0.user_id=?
2026-09-30 09:40:01 [http-nio-8080-exec-2] DEBUG org.hibernate.SQL - 
    select
        b1_0.id,
        b1_0.author,
        b1_0.available_copies,
        b1_0.created_at,
        b1_0.created_by,
        b1_0.isbn,
        b1_0.title,
        b1_0.updated_at,
        b1_0.updated_by 
    from
        books b1_0 
    where
        b1_0.id=?
2026-09-30 09:40:42 [http-nio-8080-exec-9] DEBUG org.hibernate.SQL - 
    select
        b1_0.id,
        b1_0.author,
        b1_0.available_copies,
        b1_0.created_at,
        b1_0.created_by,
        b1_0.isbn,
        b1_0.title,
        b1_0.updated_at,
        b1_0.updated_by 
    from
        books b1_0
2026-09-30 09:40:45 [http-nio-8080-exec-10] DEBUG org.hibernate.SQL - 
    select
        l1_0.id,
        l1_0.book_id,
        l1_0.checkout_date,
        l1_0.created_at,
        l1_0.created_by,
        l1_0.due_date,
        l1_0.return_date,
        l1_0.status,
        l1_0.updated_at,
        l1_0.updated_by,
        l1_0.user_id 
    from
        loans l1_0 
    where
        l1_0.user_id=?
2026-09-30 09:40:45 [http-nio-8080-exec-10] DEBUG org.hibernate.SQL - 
    select
        b1_0.id,
        b1_0.author,
        b1_0.available_copies,
        b1_0.created_at,
        b1_0.created_by,
        b1_0.isbn,
        b1_0.title,
        b1_0.updated_at,
        b1_0.updated_by 
    from
        books b1_0 
    where
        b1_0.id=?
2026-09-30 09:40:48 [http-nio-8080-exec-2] DEBUG org.hibernate.SQL - 
    select
        b1_0.id,
        b1_0.author,
        b1_0.available_copies,
        b1_0.created_at,
        b1_0.created_by,
        b1_0.isbn,
        b1_0.title,
        b1_0.updated_at,
        b1_0.updated_by 
    from
        books b1_0
2026-09-30 09:41:08 [http-nio-8080-exec-6] DEBUG org.hibernate.SQL - 
    select
        l1_0.id,
        l1_0.book_id,
        l1_0.checkout_date,
        l1_0.created_at,
        l1_0.created_by,
        l1_0.due_date,
        l1_0.return_date,
        l1_0.status,
        l1_0.updated_at,
        l1_0.updated_by,
        l1_0.user_id 
    from
        loans l1_0 
    where
        l1_0.user_id=?
2026-09-30 09:41:08 [http-nio-8080-exec-6] DEBUG org.hibernate.SQL - 
    select
        b1_0.id,
        b1_0.author,
        b1_0.available_copies,
        b1_0.created_at,
        b1_0.created_by,
        b1_0.isbn,
        b1_0.title,
        b1_0.updated_at,
        b1_0.updated_by 
    from
        books b1_0 
    where
        b1_0.id=?
2026-09-30 09:41:10 [http-nio-8080-exec-8] DEBUG org.hibernate.SQL - 
    select
        b1_0.id,
        b1_0.author,
        b1_0.available_copies,
        b1_0.created_at,
        b1_0.created_by,
        b1_0.isbn,
        b1_0.title,
        b1_0.updated_at,
        b1_0.updated_by 
    from
        books b1_0
2026-09-30 09:45:37 [http-nio-8080-exec-4] DEBUG org.hibernate.SQL - 
    select
        l1_0.id,
        l1_0.book_id,
        l1_0.checkout_date,
        l1_0.created_at,
        l1_0.created_by,
        l1_0.due_date,
        l1_0.return_date,
        l1_0.status,
        l1_0.updated_at,
        l1_0.updated_by,
        l1_0.user_id 
    from
        loans l1_0 
    where
        l1_0.user_id=?
2026-09-30 09:45:37 [http-nio-8080-exec-4] DEBUG org.hibernate.SQL - 
    select
        b1_0.id,
        b1_0.author,
        b1_0.available_copies,
        b1_0.created_at,
        b1_0.created_by,
        b1_0.isbn,
        b1_0.title,
        b1_0.updated_at,
        b1_0.updated_by 
    from
        books b1_0 
    where
        b1_0.id=?
2026-09-30 09:45:38 [http-nio-8080-exec-6] DEBUG org.hibernate.SQL - 
    select
        b1_0.id,
        b1_0.author,
        b1_0.available_copies,
        b1_0.created_at,
        b1_0.created_by,
        b1_0.isbn,
        b1_0.title,
        b1_0.updated_at,
        b1_0.updated_by 
    from
        books b1_0
2026-09-30 09:58:08 [SpringApplicationShutdownHook] INFO  o.s.boot.tomcat.GracefulShutdown - Commencing graceful shutdown. Waiting for active requests to complete
2026-09-30 09:58:08 [tomcat-shutdown] INFO  o.s.boot.tomcat.GracefulShutdown - Graceful shutdown complete
2026-09-30 09:58:08 [SpringApplicationShutdownHook] INFO  o.s.o.j.LocalContainerEntityManagerFactoryBean - Closing JPA EntityManagerFactory for persistence unit 'default'
2026-09-30 09:58:08 [SpringApplicationShutdownHook] INFO  com.zaxxer.hikari.HikariDataSource - HikariPool-1 - Shutdown initiated...
2026-09-30 09:58:08 [SpringApplicationShutdownHook] INFO  com.zaxxer.hikari.HikariDataSource - HikariPool-1 - Shutdown completed.
2026-09-30 09:58:12 [main] INFO  m.c.d.s.SmartLibraryApplication - Starting SmartLibraryApplication using Java 25.0.3 with PID 160216 (/home/estevaodimaca/Documents/desenvolvimento/workspaces/antigravity-IDE/bibliotecainstitucional/smart-library/smart-library-core/target/classes started by estevaodimaca in /home/estevaodimaca/Documents/desenvolvimento/workspaces/antigravity-IDE/bibliotecainstitucional/smart-library/smart-library-core)
2026-09-30 09:58:12 [main] DEBUG m.c.d.s.SmartLibraryApplication - Running with Spring Boot v4.1.1, Spring v7.0.9
2026-09-30 09:58:12 [main] INFO  m.c.d.s.SmartLibraryApplication - The following 1 profile is active: "dev"
2026-09-30 09:58:12 [background-preinit] INFO  o.h.validator.internal.util.Version - HV000001: Hibernate Validator 9.1.3.Final
2026-09-30 09:58:12 [main] INFO  o.s.d.r.c.RepositoryConfigurationDelegate - Bootstrapping Spring Data JPA repositories in DEFAULT mode.
2026-09-30 09:58:12 [main] INFO  o.s.d.r.c.RepositoryConfigurationDelegate - Finished Spring Data repository scanning in 34 ms. Found 5 JPA repository interfaces.
2026-09-30 09:58:13 [main] INFO  o.s.boot.tomcat.TomcatWebServer - Tomcat initialized with port 8080 (http)
2026-09-30 09:58:13 [main] INFO  o.a.coyote.http11.Http11NioProtocol - Initializing ProtocolHandler ["http-nio-8080"]
2026-09-30 09:58:13 [main] INFO  o.a.catalina.core.StandardService - Starting service [Tomcat]
2026-09-30 09:58:13 [main] INFO  o.a.catalina.core.StandardEngine - Starting Servlet engine: [Apache Tomcat/11.0.24]
2026-09-30 09:58:13 [main] INFO  o.s.b.w.c.s.WebApplicationContextInitializer - Root WebApplicationContext: initialization completed in 845 ms
2026-09-30 09:58:13 [main] INFO  org.hibernate.orm.jpa - HHH008540: Processing PersistenceUnitInfo [name: default]
2026-09-30 09:58:13 [main] INFO  org.hibernate.orm.core - HHH000001: Hibernate ORM core version 7.4.5.Final
2026-09-30 09:58:13 [main] INFO  o.s.o.j.p.SpringPersistenceUnitInfo - No LoadTimeWeaver setup: ignoring JPA class transformer
2026-09-30 09:58:13 [main] INFO  com.zaxxer.hikari.HikariDataSource - HikariPool-1 - Starting...
2026-09-30 09:58:13 [main] INFO  com.zaxxer.hikari.pool.HikariPool - HikariPool-1 - Added connection org.postgresql.jdbc.PgConnection@2f262474
2026-09-30 09:58:13 [main] INFO  com.zaxxer.hikari.HikariDataSource - HikariPool-1 - Start completed.
2026-09-30 09:58:14 [main] WARN  org.hibernate.orm.deprecation - HHH90000025: PostgreSQLDialect does not need to be specified explicitly using 'hibernate.dialect' (remove the property setting and it will be selected by default)
2026-09-30 09:58:14 [main] INFO  o.hibernate.orm.connections.pooling - HHH10001005: Database info:
	Database JDBC URL [jdbc:postgresql://localhost:5432/smart_library_db]
	Database driver: PostgreSQL JDBC Driver
	Database dialect: PostgreSQLDialect
	Database version: 16.4
	Default catalog/schema: smart_library_db/public
	Autocommit mode: undefined/unknown
	Isolation level: READ_COMMITTED [default READ_COMMITTED]
	JDBC fetch size: none
	Pool: DataSourceConnectionProvider
	Minimum pool size: undefined/unknown
	Maximum pool size: undefined/unknown
2026-09-30 09:58:14 [main] INFO  org.hibernate.orm.core - HHH000489: No JTA platform available (set 'hibernate.transaction.jta.platform' to enable JTA platform integration)
2026-09-30 09:58:14 [main] INFO  o.s.o.j.LocalContainerEntityManagerFactoryBean - Initialized JPA EntityManagerFactory for persistence unit 'default'
2026-09-30 09:58:14 [main] INFO  o.s.d.j.r.q.QueryEnhancerFactories - Hibernate is in classpath; If applicable, HQL parser will be used.
2026-09-30 09:58:15 [main] WARN  o.s.b.j.a.JpaBaseConfiguration$JpaWebConfiguration - spring.jpa.open-in-view is enabled by default. Therefore, database queries may be performed during view rendering. Explicitly configure spring.jpa.open-in-view to disable this warning
2026-09-30 09:58:15 [main] INFO  o.a.coyote.http11.Http11NioProtocol - Starting ProtocolHandler ["http-nio-8080"]
2026-09-30 09:58:15 [main] INFO  o.s.boot.tomcat.TomcatWebServer - Tomcat started on port 8080 (http) with context path '/api'
2026-09-30 09:58:15 [main] INFO  m.c.d.s.SmartLibraryApplication - Started SmartLibraryApplication in 3.2 seconds (process running for 3.418)
2026-09-30 09:58:18 [http-nio-8080-exec-1] INFO  o.a.c.c.C.[.[localhost].[/api] - Initializing Spring DispatcherServlet 'dispatcherServlet'
2026-09-30 09:58:18 [http-nio-8080-exec-1] INFO  o.s.web.servlet.DispatcherServlet - Initializing Servlet 'dispatcherServlet'
2026-09-30 09:58:18 [http-nio-8080-exec-1] INFO  o.s.web.servlet.DispatcherServlet - Completed initialization in 1 ms
2026-09-30 10:00:44 [http-nio-8080-exec-2] DEBUG org.hibernate.SQL - 
    select
        l1_0.id,
        l1_0.book_id,
        l1_0.checkout_date,
        l1_0.created_at,
        l1_0.created_by,
        l1_0.due_date,
        l1_0.return_date,
        l1_0.status,
        l1_0.updated_at,
        l1_0.updated_by,
        l1_0.user_id 
    from
        loans l1_0 
    where
        l1_0.user_id=?
2026-09-30 10:00:44 [http-nio-8080-exec-2] DEBUG org.hibernate.SQL - 
    select
        b1_0.id,
        b1_0.author,
        b1_0.available_copies,
        b1_0.created_at,
        b1_0.created_by,
        b1_0.isbn,
        b1_0.title,
        b1_0.updated_at,
        b1_0.updated_by 
    from
        books b1_0 
    where
        b1_0.id=?
2026-09-30 10:00:46 [http-nio-8080-exec-3] DEBUG org.hibernate.SQL - 
    select
        b1_0.id,
        b1_0.author,
        b1_0.available_copies,
        b1_0.created_at,
        b1_0.created_by,
        b1_0.isbn,
        b1_0.title,
        b1_0.updated_at,
        b1_0.updated_by 
    from
        books b1_0
2026-09-30 10:00:48 [http-nio-8080-exec-7] DEBUG org.hibernate.SQL - 
    select
        b1_0.id,
        b1_0.author,
        b1_0.available_copies,
        b1_0.created_at,
        b1_0.created_by,
        b1_0.isbn,
        b1_0.title,
        b1_0.updated_at,
        b1_0.updated_by 
    from
        books b1_0
2026-09-30 10:00:48 [http-nio-8080-exec-8] DEBUG org.hibernate.SQL - 
    select
        l1_0.id,
        l1_0.book_id,
        l1_0.checkout_date,
        l1_0.created_at,
        l1_0.created_by,
        l1_0.due_date,
        l1_0.return_date,
        l1_0.status,
        l1_0.updated_at,
        l1_0.updated_by,
        l1_0.user_id 
    from
        loans l1_0 
    where
        l1_0.user_id=?
2026-09-30 10:00:48 [http-nio-8080-exec-8] DEBUG org.hibernate.SQL - 
    select
        b1_0.id,
        b1_0.author,
        b1_0.available_copies,
        b1_0.created_at,
        b1_0.created_by,
        b1_0.isbn,
        b1_0.title,
        b1_0.updated_at,
        b1_0.updated_by 
    from
        books b1_0 
    where
        b1_0.id=?
2026-09-30 10:18:54 [SpringApplicationShutdownHook] INFO  o.s.boot.tomcat.GracefulShutdown - Commencing graceful shutdown. Waiting for active requests to complete
2026-09-30 10:18:54 [tomcat-shutdown] INFO  o.s.boot.tomcat.GracefulShutdown - Graceful shutdown complete
2026-09-30 10:18:54 [SpringApplicationShutdownHook] INFO  o.s.o.j.LocalContainerEntityManagerFactoryBean - Closing JPA EntityManagerFactory for persistence unit 'default'
2026-09-30 10:18:54 [SpringApplicationShutdownHook] INFO  com.zaxxer.hikari.HikariDataSource - HikariPool-1 - Shutdown initiated...
2026-09-30 10:18:54 [SpringApplicationShutdownHook] INFO  com.zaxxer.hikari.HikariDataSource - HikariPool-1 - Shutdown completed.
2026-09-30 10:19:25 [main] INFO  m.c.d.s.SmartLibraryApplication - Starting SmartLibraryApplication using Java 25.0.3 with PID 167443 (/home/estevaodimaca/Documents/desenvolvimento/workspaces/antigravity-IDE/bibliotecainstitucional/smart-library/smart-library-core/target/classes started by estevaodimaca in /home/estevaodimaca/Documents/desenvolvimento/workspaces/antigravity-IDE/bibliotecainstitucional/smart-library/smart-library-core)
2026-09-30 10:19:25 [main] DEBUG m.c.d.s.SmartLibraryApplication - Running with Spring Boot v4.1.1, Spring v7.0.9
2026-09-30 10:19:25 [main] INFO  m.c.d.s.SmartLibraryApplication - The following 1 profile is active: "dev"
2026-09-30 10:19:25 [background-preinit] INFO  o.h.validator.internal.util.Version - HV000001: Hibernate Validator 9.1.3.Final
2026-09-30 10:19:25 [main] INFO  o.s.d.r.c.RepositoryConfigurationDelegate - Bootstrapping Spring Data JPA repositories in DEFAULT mode.
2026-09-30 10:19:25 [main] INFO  o.s.d.r.c.RepositoryConfigurationDelegate - Finished Spring Data repository scanning in 32 ms. Found 5 JPA repository interfaces.
2026-09-30 10:19:26 [main] INFO  o.s.boot.tomcat.TomcatWebServer - Tomcat initialized with port 8080 (http)
2026-09-30 10:19:26 [main] INFO  o.a.coyote.http11.Http11NioProtocol - Initializing ProtocolHandler ["http-nio-8080"]
2026-09-30 10:19:26 [main] INFO  o.a.catalina.core.StandardService - Starting service [Tomcat]
2026-09-30 10:19:26 [main] INFO  o.a.catalina.core.StandardEngine - Starting Servlet engine: [Apache Tomcat/11.0.24]
2026-09-30 10:19:26 [main] INFO  o.s.b.w.c.s.WebApplicationContextInitializer - Root WebApplicationContext: initialization completed in 850 ms
2026-09-30 10:19:26 [main] INFO  org.hibernate.orm.jpa - HHH008540: Processing PersistenceUnitInfo [name: default]
2026-09-30 10:19:26 [main] INFO  org.hibernate.orm.core - HHH000001: Hibernate ORM core version 7.4.5.Final
2026-09-30 10:19:26 [main] INFO  o.s.o.j.p.SpringPersistenceUnitInfo - No LoadTimeWeaver setup: ignoring JPA class transformer
2026-09-30 10:19:26 [main] INFO  com.zaxxer.hikari.HikariDataSource - HikariPool-1 - Starting...
2026-09-30 10:19:27 [main] INFO  com.zaxxer.hikari.pool.HikariPool - HikariPool-1 - Added connection org.postgresql.jdbc.PgConnection@5897aae1
2026-09-30 10:19:27 [main] INFO  com.zaxxer.hikari.HikariDataSource - HikariPool-1 - Start completed.
2026-09-30 10:19:27 [main] WARN  org.hibernate.orm.deprecation - HHH90000025: PostgreSQLDialect does not need to be specified explicitly using 'hibernate.dialect' (remove the property setting and it will be selected by default)
2026-09-30 10:19:27 [main] INFO  o.hibernate.orm.connections.pooling - HHH10001005: Database info:
	Database JDBC URL [jdbc:postgresql://localhost:5432/smart_library_db]
	Database driver: PostgreSQL JDBC Driver
	Database dialect: PostgreSQLDialect
	Database version: 16.4
	Default catalog/schema: smart_library_db/public
	Autocommit mode: undefined/unknown
	Isolation level: READ_COMMITTED [default READ_COMMITTED]
	JDBC fetch size: none
	Pool: DataSourceConnectionProvider
	Minimum pool size: undefined/unknown
	Maximum pool size: undefined/unknown
2026-09-30 10:19:27 [main] INFO  org.hibernate.orm.core - HHH000489: No JTA platform available (set 'hibernate.transaction.jta.platform' to enable JTA platform integration)
2026-09-30 10:19:27 [main] INFO  o.s.o.j.LocalContainerEntityManagerFactoryBean - Initialized JPA EntityManagerFactory for persistence unit 'default'
2026-09-30 10:19:27 [main] INFO  o.s.d.j.r.q.QueryEnhancerFactories - Hibernate is in classpath; If applicable, HQL parser will be used.
2026-09-30 10:19:28 [main] WARN  o.s.b.j.a.JpaBaseConfiguration$JpaWebConfiguration - spring.jpa.open-in-view is enabled by default. Therefore, database queries may be performed during view rendering. Explicitly configure spring.jpa.open-in-view to disable this warning
2026-09-30 10:19:28 [main] INFO  o.a.coyote.http11.Http11NioProtocol - Starting ProtocolHandler ["http-nio-8080"]
2026-09-30 10:19:28 [main] INFO  o.s.boot.tomcat.TomcatWebServer - Tomcat started on port 8080 (http) with context path '/api'
2026-09-30 10:19:28 [main] INFO  m.c.d.s.SmartLibraryApplication - Started SmartLibraryApplication in 3.217 seconds (process running for 3.42)
2026-09-30 10:28:59 [http-nio-8080-exec-1] INFO  o.a.c.c.C.[.[localhost].[/api] - Initializing Spring DispatcherServlet 'dispatcherServlet'
2026-09-30 10:28:59 [http-nio-8080-exec-1] INFO  o.s.web.servlet.DispatcherServlet - Initializing Servlet 'dispatcherServlet'
2026-09-30 10:28:59 [http-nio-8080-exec-1] INFO  o.s.web.servlet.DispatcherServlet - Completed initialization in 2 ms
2026-09-30 10:29:31 [http-nio-8080-exec-4] DEBUG org.hibernate.SQL - 
    select
        b1_0.id,
        b1_0.author,
        b1_0.available_copies,
        b1_0.created_at,
        b1_0.created_by,
        b1_0.isbn,
        b1_0.title,
        b1_0.updated_at,
        b1_0.updated_by 
    from
        books b1_0
2026-09-30 10:31:17 [SpringApplicationShutdownHook] INFO  o.s.boot.tomcat.GracefulShutdown - Commencing graceful shutdown. Waiting for active requests to complete
2026-09-30 10:31:17 [tomcat-shutdown] INFO  o.s.boot.tomcat.GracefulShutdown - Graceful shutdown complete
2026-09-30 10:31:17 [SpringApplicationShutdownHook] INFO  o.s.o.j.LocalContainerEntityManagerFactoryBean - Closing JPA EntityManagerFactory for persistence unit 'default'
2026-09-30 10:31:17 [SpringApplicationShutdownHook] INFO  com.zaxxer.hikari.HikariDataSource - HikariPool-1 - Shutdown initiated...
2026-09-30 10:31:17 [SpringApplicationShutdownHook] INFO  com.zaxxer.hikari.HikariDataSource - HikariPool-1 - Shutdown completed.
2026-09-30 10:31:45 [main] INFO  m.c.d.s.SmartLibraryApplication - Starting SmartLibraryApplication using Java 25.0.3 with PID 172114 (/home/estevaodimaca/Documents/desenvolvimento/workspaces/antigravity-IDE/bibliotecainstitucional/smart-library/smart-library-core/target/classes started by estevaodimaca in /home/estevaodimaca/Documents/desenvolvimento/workspaces/antigravity-IDE/bibliotecainstitucional/smart-library/smart-library-core)
2026-09-30 10:31:45 [main] DEBUG m.c.d.s.SmartLibraryApplication - Running with Spring Boot v4.1.1, Spring v7.0.9
2026-09-30 10:31:45 [main] INFO  m.c.d.s.SmartLibraryApplication - The following 1 profile is active: "dev"
2026-09-30 10:31:45 [background-preinit] INFO  o.h.validator.internal.util.Version - HV000001: Hibernate Validator 9.1.3.Final
2026-09-30 10:31:46 [main] INFO  o.s.d.r.c.RepositoryConfigurationDelegate - Bootstrapping Spring Data JPA repositories in DEFAULT mode.
2026-09-30 10:31:46 [main] INFO  o.s.d.r.c.RepositoryConfigurationDelegate - Finished Spring Data repository scanning in 36 ms. Found 5 JPA repository interfaces.
2026-09-30 10:31:46 [main] INFO  o.s.boot.tomcat.TomcatWebServer - Tomcat initialized with port 8080 (http)
2026-09-30 10:31:46 [main] INFO  o.a.coyote.http11.Http11NioProtocol - Initializing ProtocolHandler ["http-nio-8080"]
2026-09-30 10:31:46 [main] INFO  o.a.catalina.core.StandardService - Starting service [Tomcat]
2026-09-30 10:31:46 [main] INFO  o.a.catalina.core.StandardEngine - Starting Servlet engine: [Apache Tomcat/11.0.24]
2026-09-30 10:31:46 [main] INFO  o.s.b.w.c.s.WebApplicationContextInitializer - Root WebApplicationContext: initialization completed in 835 ms
2026-09-30 10:31:46 [main] INFO  org.hibernate.orm.jpa - HHH008540: Processing PersistenceUnitInfo [name: default]
2026-09-30 10:31:46 [main] INFO  org.hibernate.orm.core - HHH000001: Hibernate ORM core version 7.4.5.Final
2026-09-30 10:31:47 [main] INFO  o.s.o.j.p.SpringPersistenceUnitInfo - No LoadTimeWeaver setup: ignoring JPA class transformer
2026-09-30 10:31:47 [main] INFO  com.zaxxer.hikari.HikariDataSource - HikariPool-1 - Starting...
2026-09-30 10:31:47 [main] INFO  com.zaxxer.hikari.pool.HikariPool - HikariPool-1 - Added connection org.postgresql.jdbc.PgConnection@5f5923ef
2026-09-30 10:31:47 [main] INFO  com.zaxxer.hikari.HikariDataSource - HikariPool-1 - Start completed.
2026-09-30 10:31:47 [main] WARN  org.hibernate.orm.deprecation - HHH90000025: PostgreSQLDialect does not need to be specified explicitly using 'hibernate.dialect' (remove the property setting and it will be selected by default)
2026-09-30 10:31:47 [main] INFO  o.hibernate.orm.connections.pooling - HHH10001005: Database info:
	Database JDBC URL [jdbc:postgresql://localhost:5432/smart_library_db]
	Database driver: PostgreSQL JDBC Driver
	Database dialect: PostgreSQLDialect
	Database version: 16.4
	Default catalog/schema: smart_library_db/public
	Autocommit mode: undefined/unknown
	Isolation level: READ_COMMITTED [default READ_COMMITTED]
	JDBC fetch size: none
	Pool: DataSourceConnectionProvider
	Minimum pool size: undefined/unknown
	Maximum pool size: undefined/unknown
2026-09-30 10:31:48 [main] INFO  org.hibernate.orm.core - HHH000489: No JTA platform available (set 'hibernate.transaction.jta.platform' to enable JTA platform integration)
2026-09-30 10:31:48 [main] INFO  o.s.o.j.LocalContainerEntityManagerFactoryBean - Initialized JPA EntityManagerFactory for persistence unit 'default'
2026-09-30 10:31:48 [main] INFO  o.s.d.j.r.q.QueryEnhancerFactories - Hibernate is in classpath; If applicable, HQL parser will be used.
2026-09-30 10:31:48 [main] WARN  o.s.b.j.a.JpaBaseConfiguration$JpaWebConfiguration - spring.jpa.open-in-view is enabled by default. Therefore, database queries may be performed during view rendering. Explicitly configure spring.jpa.open-in-view to disable this warning
2026-09-30 10:31:48 [main] INFO  o.a.coyote.http11.Http11NioProtocol - Starting ProtocolHandler ["http-nio-8080"]
2026-09-30 10:31:48 [main] INFO  o.s.boot.tomcat.TomcatWebServer - Tomcat started on port 8080 (http) with context path '/api'
2026-09-30 10:31:48 [main] INFO  m.c.d.s.SmartLibraryApplication - Started SmartLibraryApplication in 3.259 seconds (process running for 3.545)
2026-09-30 10:32:35 [http-nio-8080-exec-1] INFO  o.a.c.c.C.[.[localhost].[/api] - Initializing Spring DispatcherServlet 'dispatcherServlet'
2026-09-30 10:32:35 [http-nio-8080-exec-1] INFO  o.s.web.servlet.DispatcherServlet - Initializing Servlet 'dispatcherServlet'
2026-09-30 10:32:35 [http-nio-8080-exec-1] INFO  o.s.web.servlet.DispatcherServlet - Completed initialization in 0 ms
2026-09-30 10:33:55 [SpringApplicationShutdownHook] INFO  o.s.boot.tomcat.GracefulShutdown - Commencing graceful shutdown. Waiting for active requests to complete
2026-09-30 10:33:55 [tomcat-shutdown] INFO  o.s.boot.tomcat.GracefulShutdown - Graceful shutdown complete
2026-09-30 10:33:55 [SpringApplicationShutdownHook] INFO  o.s.o.j.LocalContainerEntityManagerFactoryBean - Closing JPA EntityManagerFactory for persistence unit 'default'
2026-09-30 10:33:55 [SpringApplicationShutdownHook] INFO  com.zaxxer.hikari.HikariDataSource - HikariPool-1 - Shutdown initiated...
2026-09-30 10:33:55 [SpringApplicationShutdownHook] INFO  com.zaxxer.hikari.HikariDataSource - HikariPool-1 - Shutdown completed.
2026-09-30 10:34:27 [main] INFO  m.c.d.s.SmartLibraryApplication - Starting SmartLibraryApplication using Java 25.0.3 with PID 173247 (/home/estevaodimaca/Documents/desenvolvimento/workspaces/antigravity-IDE/bibliotecainstitucional/smart-library/smart-library-core/target/classes started by estevaodimaca in /home/estevaodimaca/Documents/desenvolvimento/workspaces/antigravity-IDE/bibliotecainstitucional/smart-library/smart-library-core)
2026-09-30 10:34:27 [main] DEBUG m.c.d.s.SmartLibraryApplication - Running with Spring Boot v4.1.1, Spring v7.0.9
2026-09-30 10:34:27 [main] INFO  m.c.d.s.SmartLibraryApplication - The following 1 profile is active: "dev"
2026-09-30 10:34:27 [background-preinit] INFO  o.h.validator.internal.util.Version - HV000001: Hibernate Validator 9.1.3.Final
2026-09-30 10:34:28 [main] INFO  o.s.d.r.c.RepositoryConfigurationDelegate - Bootstrapping Spring Data JPA repositories in DEFAULT mode.
2026-09-30 10:34:28 [main] INFO  o.s.d.r.c.RepositoryConfigurationDelegate - Finished Spring Data repository scanning in 34 ms. Found 5 JPA repository interfaces.
2026-09-30 10:34:28 [main] INFO  o.s.boot.tomcat.TomcatWebServer - Tomcat initialized with port 8080 (http)
2026-09-30 10:34:28 [main] INFO  o.a.coyote.http11.Http11NioProtocol - Initializing ProtocolHandler ["http-nio-8080"]
2026-09-30 10:34:28 [main] INFO  o.a.catalina.core.StandardService - Starting service [Tomcat]
2026-09-30 10:34:28 [main] INFO  o.a.catalina.core.StandardEngine - Starting Servlet engine: [Apache Tomcat/11.0.24]
2026-09-30 10:34:28 [main] INFO  o.s.b.w.c.s.WebApplicationContextInitializer - Root WebApplicationContext: initialization completed in 828 ms
2026-09-30 10:34:28 [main] INFO  org.hibernate.orm.jpa - HHH008540: Processing PersistenceUnitInfo [name: default]
2026-09-30 10:34:28 [main] INFO  org.hibernate.orm.core - HHH000001: Hibernate ORM core version 7.4.5.Final
2026-09-30 10:34:28 [main] INFO  o.s.o.j.p.SpringPersistenceUnitInfo - No LoadTimeWeaver setup: ignoring JPA class transformer
2026-09-30 10:34:29 [main] INFO  com.zaxxer.hikari.HikariDataSource - HikariPool-1 - Starting...
2026-09-30 10:34:29 [main] INFO  com.zaxxer.hikari.pool.HikariPool - HikariPool-1 - Added connection org.postgresql.jdbc.PgConnection@2f262474
2026-09-30 10:34:29 [main] INFO  com.zaxxer.hikari.HikariDataSource - HikariPool-1 - Start completed.
2026-09-30 10:34:29 [main] WARN  org.hibernate.orm.deprecation - HHH90000025: PostgreSQLDialect does not need to be specified explicitly using 'hibernate.dialect' (remove the property setting and it will be selected by default)
2026-09-30 10:34:29 [main] INFO  o.hibernate.orm.connections.pooling - HHH10001005: Database info:
	Database JDBC URL [jdbc:postgresql://localhost:5432/smart_library_db]
	Database driver: PostgreSQL JDBC Driver
	Database dialect: PostgreSQLDialect
	Database version: 16.4
	Default catalog/schema: smart_library_db/public
	Autocommit mode: undefined/unknown
	Isolation level: READ_COMMITTED [default READ_COMMITTED]
	JDBC fetch size: none
	Pool: DataSourceConnectionProvider
	Minimum pool size: undefined/unknown
	Maximum pool size: undefined/unknown
2026-09-30 10:34:29 [main] INFO  org.hibernate.orm.core - HHH000489: No JTA platform available (set 'hibernate.transaction.jta.platform' to enable JTA platform integration)
2026-09-30 10:34:30 [main] INFO  o.s.o.j.LocalContainerEntityManagerFactoryBean - Initialized JPA EntityManagerFactory for persistence unit 'default'
2026-09-30 10:34:30 [main] INFO  o.s.d.j.r.q.QueryEnhancerFactories - Hibernate is in classpath; If applicable, HQL parser will be used.
2026-09-30 10:34:30 [main] WARN  o.s.b.j.a.JpaBaseConfiguration$JpaWebConfiguration - spring.jpa.open-in-view is enabled by default. Therefore, database queries may be performed during view rendering. Explicitly configure spring.jpa.open-in-view to disable this warning
2026-09-30 10:34:30 [main] INFO  o.a.coyote.http11.Http11NioProtocol - Starting ProtocolHandler ["http-nio-8080"]
2026-09-30 10:34:30 [main] INFO  o.s.boot.tomcat.TomcatWebServer - Tomcat started on port 8080 (http) with context path '/api'
2026-09-30 10:34:30 [main] INFO  m.c.d.s.SmartLibraryApplication - Started SmartLibraryApplication in 3.14 seconds (process running for 3.34)
2026-09-30 10:34:57 [http-nio-8080-exec-1] INFO  o.a.c.c.C.[.[localhost].[/api] - Initializing Spring DispatcherServlet 'dispatcherServlet'
2026-09-30 10:34:57 [http-nio-8080-exec-1] INFO  o.s.web.servlet.DispatcherServlet - Initializing Servlet 'dispatcherServlet'
2026-09-30 10:34:57 [http-nio-8080-exec-1] INFO  o.s.web.servlet.DispatcherServlet - Completed initialization in 0 ms
2026-09-30 10:37:42 [SpringApplicationShutdownHook] INFO  o.s.boot.tomcat.GracefulShutdown - Commencing graceful shutdown. Waiting for active requests to complete
2026-09-30 10:37:42 [tomcat-shutdown] INFO  o.s.boot.tomcat.GracefulShutdown - Graceful shutdown complete
2026-09-30 10:37:42 [SpringApplicationShutdownHook] INFO  o.s.o.j.LocalContainerEntityManagerFactoryBean - Closing JPA EntityManagerFactory for persistence unit 'default'
2026-09-30 10:37:42 [SpringApplicationShutdownHook] INFO  com.zaxxer.hikari.HikariDataSource - HikariPool-1 - Shutdown initiated...
2026-09-30 10:37:42 [SpringApplicationShutdownHook] INFO  com.zaxxer.hikari.HikariDataSource - HikariPool-1 - Shutdown completed.
2026-09-30 10:38:08 [main] INFO  m.c.d.s.SmartLibraryApplication - Starting SmartLibraryApplication using Java 25.0.3 with PID 174764 (/home/estevaodimaca/Documents/desenvolvimento/workspaces/antigravity-IDE/bibliotecainstitucional/smart-library/smart-library-core/target/classes started by estevaodimaca in /home/estevaodimaca/Documents/desenvolvimento/workspaces/antigravity-IDE/bibliotecainstitucional/smart-library/smart-library-core)
2026-09-30 10:38:08 [main] DEBUG m.c.d.s.SmartLibraryApplication - Running with Spring Boot v4.1.1, Spring v7.0.9
2026-09-30 10:38:08 [main] INFO  m.c.d.s.SmartLibraryApplication - The following 1 profile is active: "dev"
2026-09-30 10:38:08 [background-preinit] INFO  o.h.validator.internal.util.Version - HV000001: Hibernate Validator 9.1.3.Final
2026-09-30 10:38:08 [main] INFO  o.s.d.r.c.RepositoryConfigurationDelegate - Bootstrapping Spring Data JPA repositories in DEFAULT mode.
2026-09-30 10:38:08 [main] INFO  o.s.d.r.c.RepositoryConfigurationDelegate - Finished Spring Data repository scanning in 32 ms. Found 5 JPA repository interfaces.
2026-09-30 10:38:09 [main] INFO  o.s.boot.tomcat.TomcatWebServer - Tomcat initialized with port 8080 (http)
2026-09-30 10:38:09 [main] INFO  o.a.coyote.http11.Http11NioProtocol - Initializing ProtocolHandler ["http-nio-8080"]
2026-09-30 10:38:09 [main] INFO  o.a.catalina.core.StandardService - Starting service [Tomcat]
2026-09-30 10:38:09 [main] INFO  o.a.catalina.core.StandardEngine - Starting Servlet engine: [Apache Tomcat/11.0.24]
2026-09-30 10:38:09 [main] INFO  o.s.b.w.c.s.WebApplicationContextInitializer - Root WebApplicationContext: initialization completed in 895 ms
2026-09-30 10:38:09 [main] INFO  org.hibernate.orm.jpa - HHH008540: Processing PersistenceUnitInfo [name: default]
2026-09-30 10:38:09 [main] INFO  org.hibernate.orm.core - HHH000001: Hibernate ORM core version 7.4.5.Final
2026-09-30 10:38:09 [main] INFO  o.s.o.j.p.SpringPersistenceUnitInfo - No LoadTimeWeaver setup: ignoring JPA class transformer
2026-09-30 10:38:09 [main] INFO  com.zaxxer.hikari.HikariDataSource - HikariPool-1 - Starting...
2026-09-30 10:38:09 [main] INFO  com.zaxxer.hikari.pool.HikariPool - HikariPool-1 - Added connection org.postgresql.jdbc.PgConnection@2f262474
2026-09-30 10:38:09 [main] INFO  com.zaxxer.hikari.HikariDataSource - HikariPool-1 - Start completed.
2026-09-30 10:38:09 [main] WARN  org.hibernate.orm.deprecation - HHH90000025: PostgreSQLDialect does not need to be specified explicitly using 'hibernate.dialect' (remove the property setting and it will be selected by default)
2026-09-30 10:38:09 [main] INFO  o.hibernate.orm.connections.pooling - HHH10001005: Database info:
	Database JDBC URL [jdbc:postgresql://localhost:5432/smart_library_db]
	Database driver: PostgreSQL JDBC Driver
	Database dialect: PostgreSQLDialect
	Database version: 16.4
	Default catalog/schema: smart_library_db/public
	Autocommit mode: undefined/unknown
	Isolation level: READ_COMMITTED [default READ_COMMITTED]
	JDBC fetch size: none
	Pool: DataSourceConnectionProvider
	Minimum pool size: undefined/unknown
	Maximum pool size: undefined/unknown
2026-09-30 10:38:10 [main] INFO  org.hibernate.orm.core - HHH000489: No JTA platform available (set 'hibernate.transaction.jta.platform' to enable JTA platform integration)
2026-09-30 10:38:10 [main] INFO  o.s.o.j.LocalContainerEntityManagerFactoryBean - Initialized JPA EntityManagerFactory for persistence unit 'default'
2026-09-30 10:38:10 [main] INFO  o.s.d.j.r.q.QueryEnhancerFactories - Hibernate is in classpath; If applicable, HQL parser will be used.
2026-09-30 10:38:10 [main] WARN  o.s.b.j.a.JpaBaseConfiguration$JpaWebConfiguration - spring.jpa.open-in-view is enabled by default. Therefore, database queries may be performed during view rendering. Explicitly configure spring.jpa.open-in-view to disable this warning
2026-09-30 10:38:11 [main] INFO  o.a.coyote.http11.Http11NioProtocol - Starting ProtocolHandler ["http-nio-8080"]
2026-09-30 10:38:11 [main] INFO  o.s.boot.tomcat.TomcatWebServer - Tomcat started on port 8080 (http) with context path '/api'
2026-09-30 10:38:11 [main] INFO  m.c.d.s.SmartLibraryApplication - Started SmartLibraryApplication in 3.167 seconds (process running for 3.362)
2026-09-30 10:39:49 [http-nio-8080-exec-1] INFO  o.a.c.c.C.[.[localhost].[/api] - Initializing Spring DispatcherServlet 'dispatcherServlet'
2026-09-30 10:39:49 [http-nio-8080-exec-1] INFO  o.s.web.servlet.DispatcherServlet - Initializing Servlet 'dispatcherServlet'
2026-09-30 10:39:49 [http-nio-8080-exec-1] INFO  o.s.web.servlet.DispatcherServlet - Completed initialization in 0 ms
2026-09-30 10:43:38 [main] INFO  m.c.d.s.SmartLibraryApplication - Starting SmartLibraryApplication using Java 25.0.3 with PID 177004 (/home/estevaodimaca/Documents/desenvolvimento/workspaces/antigravity-IDE/bibliotecainstitucional/smart-library/smart-library-core/target/classes started by estevaodimaca in /home/estevaodimaca/Documents/desenvolvimento/workspaces/antigravity-IDE/bibliotecainstitucional/smart-library/smart-library-core)
2026-09-30 10:43:38 [main] DEBUG m.c.d.s.SmartLibraryApplication - Running with Spring Boot v4.1.1, Spring v7.0.9
2026-09-30 10:43:38 [main] INFO  m.c.d.s.SmartLibraryApplication - The following 1 profile is active: "dev"
2026-09-30 10:43:38 [background-preinit] INFO  o.h.validator.internal.util.Version - HV000001: Hibernate Validator 9.1.3.Final
2026-09-30 10:43:38 [main] INFO  o.s.d.r.c.RepositoryConfigurationDelegate - Bootstrapping Spring Data JPA repositories in DEFAULT mode.
2026-09-30 10:43:38 [main] INFO  o.s.d.r.c.RepositoryConfigurationDelegate - Finished Spring Data repository scanning in 42 ms. Found 5 JPA repository interfaces.
2026-09-30 10:43:39 [main] INFO  o.s.boot.tomcat.TomcatWebServer - Tomcat initialized with port 8080 (http)
2026-09-30 10:43:39 [main] INFO  o.a.coyote.http11.Http11NioProtocol - Initializing ProtocolHandler ["http-nio-8080"]
2026-09-30 10:43:39 [main] INFO  o.a.catalina.core.StandardService - Starting service [Tomcat]
2026-09-30 10:43:39 [main] INFO  o.a.catalina.core.StandardEngine - Starting Servlet engine: [Apache Tomcat/11.0.24]
2026-09-30 10:43:39 [main] INFO  o.s.b.w.c.s.WebApplicationContextInitializer - Root WebApplicationContext: initialization completed in 1023 ms
2026-09-30 10:43:39 [main] INFO  org.hibernate.orm.jpa - HHH008540: Processing PersistenceUnitInfo [name: default]
2026-09-30 10:43:39 [main] INFO  org.hibernate.orm.core - HHH000001: Hibernate ORM core version 7.4.5.Final
2026-09-30 10:43:39 [main] INFO  o.s.o.j.p.SpringPersistenceUnitInfo - No LoadTimeWeaver setup: ignoring JPA class transformer
2026-09-30 10:43:39 [main] INFO  com.zaxxer.hikari.HikariDataSource - HikariPool-1 - Starting...
2026-09-30 10:43:40 [main] INFO  com.zaxxer.hikari.pool.HikariPool - HikariPool-1 - Added connection org.postgresql.jdbc.PgConnection@2f262474
2026-09-30 10:43:40 [main] INFO  com.zaxxer.hikari.HikariDataSource - HikariPool-1 - Start completed.
2026-09-30 10:43:40 [main] WARN  org.hibernate.orm.deprecation - HHH90000025: PostgreSQLDialect does not need to be specified explicitly using 'hibernate.dialect' (remove the property setting and it will be selected by default)
2026-09-30 10:43:40 [main] INFO  o.hibernate.orm.connections.pooling - HHH10001005: Database info:
	Database JDBC URL [jdbc:postgresql://localhost:5432/smart_library_db]
	Database driver: PostgreSQL JDBC Driver
	Database dialect: PostgreSQLDialect
	Database version: 16.4
	Default catalog/schema: smart_library_db/public
	Autocommit mode: undefined/unknown
	Isolation level: READ_COMMITTED [default READ_COMMITTED]
	JDBC fetch size: none
	Pool: DataSourceConnectionProvider
	Minimum pool size: undefined/unknown
	Maximum pool size: undefined/unknown
2026-09-30 10:43:40 [main] INFO  org.hibernate.orm.core - HHH000489: No JTA platform available (set 'hibernate.transaction.jta.platform' to enable JTA platform integration)
2026-09-30 10:43:41 [main] INFO  o.s.o.j.LocalContainerEntityManagerFactoryBean - Initialized JPA EntityManagerFactory for persistence unit 'default'
2026-09-30 10:43:41 [main] INFO  o.s.d.j.r.q.QueryEnhancerFactories - Hibernate is in classpath; If applicable, HQL parser will be used.
2026-09-30 10:43:41 [main] WARN  o.s.b.j.a.JpaBaseConfiguration$JpaWebConfiguration - spring.jpa.open-in-view is enabled by default. Therefore, database queries may be performed during view rendering. Explicitly configure spring.jpa.open-in-view to disable this warning
2026-09-30 10:43:41 [main] INFO  o.a.coyote.http11.Http11NioProtocol - Starting ProtocolHandler ["http-nio-8080"]
2026-09-30 10:43:41 [main] INFO  o.s.boot.tomcat.TomcatWebServer - Tomcat started on port 8080 (http) with context path '/api'
2026-09-30 10:43:41 [main] INFO  m.c.d.s.SmartLibraryApplication - Started SmartLibraryApplication in 3.784 seconds (process running for 4.079)
2026-09-30 10:44:42 [http-nio-8080-exec-1] INFO  o.a.c.c.C.[.[localhost].[/api] - Initializing Spring DispatcherServlet 'dispatcherServlet'
2026-09-30 10:44:42 [http-nio-8080-exec-1] INFO  o.s.web.servlet.DispatcherServlet - Initializing Servlet 'dispatcherServlet'
2026-09-30 10:44:42 [http-nio-8080-exec-1] INFO  o.s.web.servlet.DispatcherServlet - Completed initialization in 1 ms
2026-09-30 10:46:20 [main] INFO  m.c.d.s.SmartLibraryApplication - Starting SmartLibraryApplication using Java 25.0.3 with PID 178224 (/home/estevaodimaca/Documents/desenvolvimento/workspaces/antigravity-IDE/bibliotecainstitucional/smart-library/smart-library-core/target/classes started by estevaodimaca in /home/estevaodimaca/Documents/desenvolvimento/workspaces/antigravity-IDE/bibliotecainstitucional/smart-library/smart-library-core)
2026-09-30 10:46:20 [main] DEBUG m.c.d.s.SmartLibraryApplication - Running with Spring Boot v4.1.1, Spring v7.0.9
2026-09-30 10:46:20 [main] INFO  m.c.d.s.SmartLibraryApplication - The following 1 profile is active: "dev"
2026-09-30 10:46:20 [background-preinit] INFO  o.h.validator.internal.util.Version - HV000001: Hibernate Validator 9.1.3.Final
2026-09-30 10:46:21 [main] INFO  o.s.d.r.c.RepositoryConfigurationDelegate - Bootstrapping Spring Data JPA repositories in DEFAULT mode.
2026-09-30 10:46:21 [main] INFO  o.s.d.r.c.RepositoryConfigurationDelegate - Finished Spring Data repository scanning in 49 ms. Found 5 JPA repository interfaces.
2026-09-30 10:46:21 [main] INFO  o.s.boot.tomcat.TomcatWebServer - Tomcat initialized with port 8080 (http)
2026-09-30 10:46:21 [main] INFO  o.a.coyote.http11.Http11NioProtocol - Initializing ProtocolHandler ["http-nio-8080"]
2026-09-30 10:46:21 [main] INFO  o.a.catalina.core.StandardService - Starting service [Tomcat]
2026-09-30 10:46:21 [main] INFO  o.a.catalina.core.StandardEngine - Starting Servlet engine: [Apache Tomcat/11.0.24]
2026-09-30 10:46:21 [main] INFO  o.s.b.w.c.s.WebApplicationContextInitializer - Root WebApplicationContext: initialization completed in 991 ms
2026-09-30 10:46:21 [main] INFO  org.hibernate.orm.jpa - HHH008540: Processing PersistenceUnitInfo [name: default]
2026-09-30 10:46:21 [main] INFO  org.hibernate.orm.core - HHH000001: Hibernate ORM core version 7.4.5.Final
2026-09-30 10:46:22 [main] INFO  o.s.o.j.p.SpringPersistenceUnitInfo - No LoadTimeWeaver setup: ignoring JPA class transformer
2026-09-30 10:46:22 [main] INFO  com.zaxxer.hikari.HikariDataSource - HikariPool-1 - Starting...
2026-09-30 10:46:22 [main] INFO  com.zaxxer.hikari.pool.HikariPool - HikariPool-1 - Added connection org.postgresql.jdbc.PgConnection@5897aae1
2026-09-30 10:46:22 [main] INFO  com.zaxxer.hikari.HikariDataSource - HikariPool-1 - Start completed.
2026-09-30 10:46:22 [main] WARN  org.hibernate.orm.deprecation - HHH90000025: PostgreSQLDialect does not need to be specified explicitly using 'hibernate.dialect' (remove the property setting and it will be selected by default)
2026-09-30 10:46:22 [main] INFO  o.hibernate.orm.connections.pooling - HHH10001005: Database info:
	Database JDBC URL [jdbc:postgresql://localhost:5432/smart_library_db]
	Database driver: PostgreSQL JDBC Driver
	Database dialect: PostgreSQLDialect
	Database version: 16.4
	Default catalog/schema: smart_library_db/public
	Autocommit mode: undefined/unknown
	Isolation level: READ_COMMITTED [default READ_COMMITTED]
	JDBC fetch size: none
	Pool: DataSourceConnectionProvider
	Minimum pool size: undefined/unknown
	Maximum pool size: undefined/unknown
2026-09-30 10:46:23 [main] INFO  org.hibernate.orm.core - HHH000489: No JTA platform available (set 'hibernate.transaction.jta.platform' to enable JTA platform integration)
2026-09-30 10:46:23 [main] INFO  o.s.o.j.LocalContainerEntityManagerFactoryBean - Initialized JPA EntityManagerFactory for persistence unit 'default'
2026-09-30 10:46:23 [main] INFO  o.s.d.j.r.q.QueryEnhancerFactories - Hibernate is in classpath; If applicable, HQL parser will be used.
2026-09-30 10:46:23 [main] WARN  o.s.b.j.a.JpaBaseConfiguration$JpaWebConfiguration - spring.jpa.open-in-view is enabled by default. Therefore, database queries may be performed during view rendering. Explicitly configure spring.jpa.open-in-view to disable this warning
2026-09-30 10:46:24 [main] INFO  o.a.coyote.http11.Http11NioProtocol - Starting ProtocolHandler ["http-nio-8080"]
2026-09-30 10:46:24 [main] INFO  o.s.boot.tomcat.TomcatWebServer - Tomcat started on port 8080 (http) with context path '/api'
2026-09-30 10:46:24 [main] INFO  m.c.d.s.SmartLibraryApplication - Started SmartLibraryApplication in 3.744 seconds (process running for 3.997)
2026-09-30 10:48:12 [main] INFO  m.c.d.s.SmartLibraryApplication - Starting SmartLibraryApplication using Java 25.0.3 with PID 179133 (/home/estevaodimaca/Documents/desenvolvimento/workspaces/antigravity-IDE/bibliotecainstitucional/smart-library/smart-library-core/target/classes started by estevaodimaca in /home/estevaodimaca/Documents/desenvolvimento/workspaces/antigravity-IDE/bibliotecainstitucional/smart-library/smart-library-core)
2026-09-30 10:48:12 [main] DEBUG m.c.d.s.SmartLibraryApplication - Running with Spring Boot v4.1.1, Spring v7.0.9
2026-09-30 10:48:12 [main] INFO  m.c.d.s.SmartLibraryApplication - The following 1 profile is active: "dev"
2026-09-30 10:48:12 [background-preinit] INFO  o.h.validator.internal.util.Version - HV000001: Hibernate Validator 9.1.3.Final
2026-09-30 10:48:12 [main] INFO  o.s.d.r.c.RepositoryConfigurationDelegate - Bootstrapping Spring Data JPA repositories in DEFAULT mode.
2026-09-30 10:48:12 [main] INFO  o.s.d.r.c.RepositoryConfigurationDelegate - Finished Spring Data repository scanning in 31 ms. Found 5 JPA repository interfaces.
2026-09-30 10:48:12 [main] INFO  o.s.boot.tomcat.TomcatWebServer - Tomcat initialized with port 8080 (http)
2026-09-30 10:48:12 [main] INFO  o.a.coyote.http11.Http11NioProtocol - Initializing ProtocolHandler ["http-nio-8080"]
2026-09-30 10:48:12 [main] INFO  o.a.catalina.core.StandardService - Starting service [Tomcat]
2026-09-30 10:48:12 [main] INFO  o.a.catalina.core.StandardEngine - Starting Servlet engine: [Apache Tomcat/11.0.24]
2026-09-30 10:48:12 [main] INFO  o.s.b.w.c.s.WebApplicationContextInitializer - Root WebApplicationContext: initialization completed in 801 ms
2026-09-30 10:48:12 [main] INFO  org.hibernate.orm.jpa - HHH008540: Processing PersistenceUnitInfo [name: default]
2026-09-30 10:48:13 [main] INFO  org.hibernate.orm.core - HHH000001: Hibernate ORM core version 7.4.5.Final
2026-09-30 10:48:13 [main] INFO  o.s.o.j.p.SpringPersistenceUnitInfo - No LoadTimeWeaver setup: ignoring JPA class transformer
2026-09-30 10:48:13 [main] INFO  com.zaxxer.hikari.HikariDataSource - HikariPool-1 - Starting...
2026-09-30 10:48:13 [main] INFO  com.zaxxer.hikari.pool.HikariPool - HikariPool-1 - Added connection org.postgresql.jdbc.PgConnection@5f5923ef
2026-09-30 10:48:13 [main] INFO  com.zaxxer.hikari.HikariDataSource - HikariPool-1 - Start completed.
2026-09-30 10:48:13 [main] WARN  org.hibernate.orm.deprecation - HHH90000025: PostgreSQLDialect does not need to be specified explicitly using 'hibernate.dialect' (remove the property setting and it will be selected by default)
2026-09-30 10:48:13 [main] INFO  o.hibernate.orm.connections.pooling - HHH10001005: Database info:
	Database JDBC URL [jdbc:postgresql://localhost:5432/smart_library_db]
	Database driver: PostgreSQL JDBC Driver
	Database dialect: PostgreSQLDialect
	Database version: 16.4
	Default catalog/schema: smart_library_db/public
	Autocommit mode: undefined/unknown
	Isolation level: READ_COMMITTED [default READ_COMMITTED]
	JDBC fetch size: none
	Pool: DataSourceConnectionProvider
	Minimum pool size: undefined/unknown
	Maximum pool size: undefined/unknown
2026-09-30 10:48:14 [main] INFO  org.hibernate.orm.core - HHH000489: No JTA platform available (set 'hibernate.transaction.jta.platform' to enable JTA platform integration)
2026-09-30 10:48:14 [main] INFO  o.s.o.j.LocalContainerEntityManagerFactoryBean - Initialized JPA EntityManagerFactory for persistence unit 'default'
2026-09-30 10:48:14 [main] INFO  o.s.d.j.r.q.QueryEnhancerFactories - Hibernate is in classpath; If applicable, HQL parser will be used.
2026-09-30 10:48:14 [main] WARN  o.s.b.j.a.JpaBaseConfiguration$JpaWebConfiguration - spring.jpa.open-in-view is enabled by default. Therefore, database queries may be performed during view rendering. Explicitly configure spring.jpa.open-in-view to disable this warning
2026-09-30 10:48:14 [main] INFO  o.a.coyote.http11.Http11NioProtocol - Starting ProtocolHandler ["http-nio-8080"]
2026-09-30 10:48:14 [main] WARN  o.s.b.w.s.s.c.AnnotationConfigServletWebServerApplicationContext - Exception encountered during context initialization - cancelling refresh attempt: org.springframework.context.ApplicationContextException: Failed to start bean 'webServerStartStop'
2026-09-30 10:48:14 [main] INFO  o.s.o.j.LocalContainerEntityManagerFactoryBean - Closing JPA EntityManagerFactory for persistence unit 'default'
2026-09-30 10:48:14 [main] INFO  com.zaxxer.hikari.HikariDataSource - HikariPool-1 - Shutdown initiated...
2026-09-30 10:48:14 [main] INFO  com.zaxxer.hikari.HikariDataSource - HikariPool-1 - Shutdown completed.
2026-09-30 10:48:14 [main] INFO  o.s.b.a.l.ConditionEvaluationReportLogger - 

Error starting ApplicationContext. To display the condition evaluation report re-run your application with 'debug' enabled.
2026-09-30 10:48:14 [main] ERROR o.s.b.d.LoggingFailureAnalysisReporter - 

***************************
APPLICATION FAILED TO START
***************************

Description:

Web server failed to start. Port 8080 was already in use.

Action:

Identify and stop the process that's listening on port 8080 or configure this application to listen on another port.

2026-09-30 10:48:39 [main] INFO  m.c.d.s.SmartLibraryApplication - Starting SmartLibraryApplication using Java 25.0.3 with PID 179385 (/home/estevaodimaca/Documents/desenvolvimento/workspaces/antigravity-IDE/bibliotecainstitucional/smart-library/smart-library-core/target/classes started by estevaodimaca in /home/estevaodimaca/Documents/desenvolvimento/workspaces/antigravity-IDE/bibliotecainstitucional/smart-library/smart-library-core)
2026-09-30 10:48:39 [main] DEBUG m.c.d.s.SmartLibraryApplication - Running with Spring Boot v4.1.1, Spring v7.0.9
2026-09-30 10:48:39 [main] INFO  m.c.d.s.SmartLibraryApplication - The following 1 profile is active: "dev"
2026-09-30 10:48:39 [background-preinit] INFO  o.h.validator.internal.util.Version - HV000001: Hibernate Validator 9.1.3.Final
2026-09-30 10:48:39 [main] INFO  o.s.d.r.c.RepositoryConfigurationDelegate - Bootstrapping Spring Data JPA repositories in DEFAULT mode.
2026-09-30 10:48:39 [main] INFO  o.s.d.r.c.RepositoryConfigurationDelegate - Finished Spring Data repository scanning in 34 ms. Found 5 JPA repository interfaces.
2026-09-30 10:48:40 [main] INFO  o.s.boot.tomcat.TomcatWebServer - Tomcat initialized with port 8080 (http)
2026-09-30 10:48:40 [main] INFO  o.a.coyote.http11.Http11NioProtocol - Initializing ProtocolHandler ["http-nio-8080"]
2026-09-30 10:48:40 [main] INFO  o.a.catalina.core.StandardService - Starting service [Tomcat]
2026-09-30 10:48:40 [main] INFO  o.a.catalina.core.StandardEngine - Starting Servlet engine: [Apache Tomcat/11.0.24]
2026-09-30 10:48:40 [main] INFO  o.s.b.w.c.s.WebApplicationContextInitializer - Root WebApplicationContext: initialization completed in 818 ms
2026-09-30 10:48:40 [main] INFO  org.hibernate.orm.jpa - HHH008540: Processing PersistenceUnitInfo [name: default]
2026-09-30 10:48:40 [main] INFO  org.hibernate.orm.core - HHH000001: Hibernate ORM core version 7.4.5.Final
2026-09-30 10:48:40 [main] INFO  o.s.o.j.p.SpringPersistenceUnitInfo - No LoadTimeWeaver setup: ignoring JPA class transformer
2026-09-30 10:48:40 [main] INFO  com.zaxxer.hikari.HikariDataSource - HikariPool-1 - Starting...
2026-09-30 10:48:40 [main] INFO  com.zaxxer.hikari.pool.HikariPool - HikariPool-1 - Added connection org.postgresql.jdbc.PgConnection@2f262474
2026-09-30 10:48:40 [main] INFO  com.zaxxer.hikari.HikariDataSource - HikariPool-1 - Start completed.
2026-09-30 10:48:40 [main] WARN  org.hibernate.orm.deprecation - HHH90000025: PostgreSQLDialect does not need to be specified explicitly using 'hibernate.dialect' (remove the property setting and it will be selected by default)
2026-09-30 10:48:40 [main] INFO  o.hibernate.orm.connections.pooling - HHH10001005: Database info:
	Database JDBC URL [jdbc:postgresql://localhost:5432/smart_library_db]
	Database driver: PostgreSQL JDBC Driver
	Database dialect: PostgreSQLDialect
	Database version: 16.4
	Default catalog/schema: smart_library_db/public
	Autocommit mode: undefined/unknown
	Isolation level: READ_COMMITTED [default READ_COMMITTED]
	JDBC fetch size: none
	Pool: DataSourceConnectionProvider
	Minimum pool size: undefined/unknown
	Maximum pool size: undefined/unknown
2026-09-30 10:48:41 [main] INFO  org.hibernate.orm.core - HHH000489: No JTA platform available (set 'hibernate.transaction.jta.platform' to enable JTA platform integration)
2026-09-30 10:48:41 [main] INFO  o.s.o.j.LocalContainerEntityManagerFactoryBean - Initialized JPA EntityManagerFactory for persistence unit 'default'
2026-09-30 10:48:41 [main] INFO  o.s.d.j.r.q.QueryEnhancerFactories - Hibernate is in classpath; If applicable, HQL parser will be used.
2026-09-30 10:48:41 [main] WARN  o.s.b.j.a.JpaBaseConfiguration$JpaWebConfiguration - spring.jpa.open-in-view is enabled by default. Therefore, database queries may be performed during view rendering. Explicitly configure spring.jpa.open-in-view to disable this warning
2026-09-30 10:48:42 [main] INFO  o.a.coyote.http11.Http11NioProtocol - Starting ProtocolHandler ["http-nio-8080"]
2026-09-30 10:48:42 [main] WARN  o.s.b.w.s.s.c.AnnotationConfigServletWebServerApplicationContext - Exception encountered during context initialization - cancelling refresh attempt: org.springframework.context.ApplicationContextException: Failed to start bean 'webServerStartStop'
2026-09-30 10:48:42 [main] INFO  o.s.o.j.LocalContainerEntityManagerFactoryBean - Closing JPA EntityManagerFactory for persistence unit 'default'
2026-09-30 10:48:42 [main] INFO  com.zaxxer.hikari.HikariDataSource - HikariPool-1 - Shutdown initiated...
2026-09-30 10:48:42 [main] INFO  com.zaxxer.hikari.HikariDataSource - HikariPool-1 - Shutdown completed.
2026-09-30 10:48:42 [main] INFO  o.s.b.a.l.ConditionEvaluationReportLogger - 

Error starting ApplicationContext. To display the condition evaluation report re-run your application with 'debug' enabled.
2026-09-30 10:48:42 [main] ERROR o.s.b.d.LoggingFailureAnalysisReporter - 

***************************
APPLICATION FAILED TO START
***************************

Description:

Web server failed to start. Port 8080 was already in use.

Action:

Identify and stop the process that's listening on port 8080 or configure this application to listen on another port.

2026-09-30 10:51:14 [http-nio-8080-exec-1] INFO  o.a.c.c.C.[.[localhost].[/api] - Initializing Spring DispatcherServlet 'dispatcherServlet'
2026-09-30 10:51:14 [http-nio-8080-exec-1] INFO  o.s.web.servlet.DispatcherServlet - Initializing Servlet 'dispatcherServlet'
2026-09-30 10:51:14 [http-nio-8080-exec-1] INFO  o.s.web.servlet.DispatcherServlet - Completed initialization in 1 ms
2026-09-30 10:51:14 [http-nio-8080-exec-1] DEBUG org.hibernate.SQL - 
    select
        u1_0.id,
        u1_0.active,
        u1_0.created_at,
        u1_0.created_by,
        u1_0.email,
        u1_0.first_name,
        u1_0.has_active_fine,
        u1_0.last_name,
        u1_0.password,
        u1_0.tax_id,
        u1_0.updated_at,
        u1_0.updated_by 
    from
        users u1_0
2026-09-30 10:51:14 [http-nio-8080-exec-1] DEBUG org.hibernate.SQL - 
    select
        p1_0.user_id,
        p1_1.id,
        p1_1.created_at,
        p1_1.created_by,
        p1_1.name,
        t1_0.profile_id,
        t1_1.id,
        t1_1.created_at,
        t1_1.created_by,
        t1_1.icon,
        t1_1.name,
        t1_1.parent_id,
        t1_1.route,
        st1_0.parent_id,
        st1_0.id,
        st1_0.created_at,
        st1_0.created_by,
        st1_0.icon,
        st1_0.name,
        st1_0.route,
        st1_0.updated_at,
        st1_0.updated_by,
        t1_1.updated_at,
        t1_1.updated_by,
        p1_1.updated_at,
        p1_1.updated_by 
    from
        user_profiles p1_0 
    join
        profiles p1_1 
            on p1_1.id=p1_0.profile_id 
    left join
        profile_transactions t1_0 
            on p1_1.id=t1_0.profile_id 
    left join
        transactions t1_1 
            on t1_1.id=t1_0.transaction_id 
    left join
        transactions st1_0 
            on t1_1.id=st1_0.parent_id 
    where
        p1_0.user_id=?
2026-09-30 10:51:14 [http-nio-8080-exec-1] DEBUG org.hibernate.SQL - 
    select
        p1_0.user_id,
        p1_1.id,
        p1_1.created_at,
        p1_1.created_by,
        p1_1.name,
        t1_0.profile_id,
        t1_1.id,
        t1_1.created_at,
        t1_1.created_by,
        t1_1.icon,
        t1_1.name,
        t1_1.parent_id,
        t1_1.route,
        st1_0.parent_id,
        st1_0.id,
        st1_0.created_at,
        st1_0.created_by,
        st1_0.icon,
        st1_0.name,
        st1_0.route,
        st1_0.updated_at,
        st1_0.updated_by,
        t1_1.updated_at,
        t1_1.updated_by,
        p1_1.updated_at,
        p1_1.updated_by 
    from
        user_profiles p1_0 
    join
        profiles p1_1 
            on p1_1.id=p1_0.profile_id 
    left join
        profile_transactions t1_0 
            on p1_1.id=t1_0.profile_id 
    left join
        transactions t1_1 
            on t1_1.id=t1_0.transaction_id 
    left join
        transactions st1_0 
            on t1_1.id=st1_0.parent_id 
    where
        p1_0.user_id=?
2026-09-30 10:51:14 [http-nio-8080-exec-1] DEBUG org.hibernate.SQL - 
    select
        p1_0.user_id,
        p1_1.id,
        p1_1.created_at,
        p1_1.created_by,
        p1_1.name,
        t1_0.profile_id,
        t1_1.id,
        t1_1.created_at,
        t1_1.created_by,
        t1_1.icon,
        t1_1.name,
        t1_1.parent_id,
        t1_1.route,
        st1_0.parent_id,
        st1_0.id,
        st1_0.created_at,
        st1_0.created_by,
        st1_0.icon,
        st1_0.name,
        st1_0.route,
        st1_0.updated_at,
        st1_0.updated_by,
        t1_1.updated_at,
        t1_1.updated_by,
        p1_1.updated_at,
        p1_1.updated_by 
    from
        user_profiles p1_0 
    join
        profiles p1_1 
            on p1_1.id=p1_0.profile_id 
    left join
        profile_transactions t1_0 
            on p1_1.id=t1_0.profile_id 
    left join
        transactions t1_1 
            on t1_1.id=t1_0.transaction_id 
    left join
        transactions st1_0 
            on t1_1.id=st1_0.parent_id 
    where
        p1_0.user_id=?
2026-09-30 10:51:21 [http-nio-8080-exec-2] DEBUG org.hibernate.SQL - 
    select
        p1_0.id,
        p1_0.created_at,
        p1_0.created_by,
        p1_0.name,
        p1_0.updated_at,
        p1_0.updated_by 
    from
        profiles p1_0
2026-09-30 10:51:21 [http-nio-8080-exec-2] DEBUG org.hibernate.SQL - 
    select
        t1_0.profile_id,
        t1_1.id,
        t1_1.created_at,
        t1_1.created_by,
        t1_1.icon,
        t1_1.name,
        t1_1.parent_id,
        t1_1.route,
        st1_0.parent_id,
        st1_0.id,
        st1_0.created_at,
        st1_0.created_by,
        st1_0.icon,
        st1_0.name,
        st1_0.route,
        st1_0.updated_at,
        st1_0.updated_by,
        t1_1.updated_at,
        t1_1.updated_by 
    from
        profile_transactions t1_0 
    join
        transactions t1_1 
            on t1_1.id=t1_0.transaction_id 
    left join
        transactions st1_0 
            on t1_1.id=st1_0.parent_id 
    where
        t1_0.profile_id=?
2026-09-30 10:51:21 [http-nio-8080-exec-3] DEBUG org.hibernate.SQL - 
    select
        t1_0.id,
        t1_0.created_at,
        t1_0.created_by,
        t1_0.icon,
        t1_0.name,
        t1_0.parent_id,
        t1_0.route,
        t1_0.updated_at,
        t1_0.updated_by 
    from
        transactions t1_0
2026-09-30 10:51:21 [http-nio-8080-exec-2] DEBUG org.hibernate.SQL - 
    select
        t1_0.profile_id,
        t1_1.id,
        t1_1.created_at,
        t1_1.created_by,
        t1_1.icon,
        t1_1.name,
        t1_1.parent_id,
        t1_1.route,
        st1_0.parent_id,
        st1_0.id,
        st1_0.created_at,
        st1_0.created_by,
        st1_0.icon,
        st1_0.name,
        st1_0.route,
        st1_0.updated_at,
        st1_0.updated_by,
        t1_1.updated_at,
        t1_1.updated_by 
    from
        profile_transactions t1_0 
    join
        transactions t1_1 
            on t1_1.id=t1_0.transaction_id 
    left join
        transactions st1_0 
            on t1_1.id=st1_0.parent_id 
    where
        t1_0.profile_id=?
2026-09-30 10:51:21 [http-nio-8080-exec-2] DEBUG org.hibernate.SQL - 
    select
        t1_0.profile_id,
        t1_1.id,
        t1_1.created_at,
        t1_1.created_by,
        t1_1.icon,
        t1_1.name,
        t1_1.parent_id,
        t1_1.route,
        st1_0.parent_id,
        st1_0.id,
        st1_0.created_at,
        st1_0.created_by,
        st1_0.icon,
        st1_0.name,
        st1_0.route,
        st1_0.updated_at,
        st1_0.updated_by,
        t1_1.updated_at,
        t1_1.updated_by 
    from
        profile_transactions t1_0 
    join
        transactions t1_1 
            on t1_1.id=t1_0.transaction_id 
    left join
        transactions st1_0 
            on t1_1.id=st1_0.parent_id 
    where
        t1_0.profile_id=?
2026-09-30 10:51:25 [http-nio-8080-exec-4] DEBUG org.hibernate.SQL - 
    select
        t1_0.id,
        t1_0.created_at,
        t1_0.created_by,
        t1_0.icon,
        t1_0.name,
        t1_0.parent_id,
        t1_0.route,
        t1_0.updated_at,
        t1_0.updated_by 
    from
        transactions t1_0
2026-09-30 10:51:30 [http-nio-8080-exec-5] DEBUG org.hibernate.SQL - 
    select
        p1_0.id,
        p1_0.created_at,
        p1_0.created_by,
        p1_0.name,
        p1_0.updated_at,
        p1_0.updated_by 
    from
        profiles p1_0
2026-09-30 10:51:30 [http-nio-8080-exec-5] DEBUG org.hibernate.SQL - 
    select
        t1_0.profile_id,
        t1_1.id,
        t1_1.created_at,
        t1_1.created_by,
        t1_1.icon,
        t1_1.name,
        t1_1.parent_id,
        t1_1.route,
        st1_0.parent_id,
        st1_0.id,
        st1_0.created_at,
        st1_0.created_by,
        st1_0.icon,
        st1_0.name,
        st1_0.route,
        st1_0.updated_at,
        st1_0.updated_by,
        t1_1.updated_at,
        t1_1.updated_by 
    from
        profile_transactions t1_0 
    join
        transactions t1_1 
            on t1_1.id=t1_0.transaction_id 
    left join
        transactions st1_0 
            on t1_1.id=st1_0.parent_id 
    where
        t1_0.profile_id=?
2026-09-30 10:51:30 [http-nio-8080-exec-6] DEBUG org.hibernate.SQL - 
    select
        t1_0.id,
        t1_0.created_at,
        t1_0.created_by,
        t1_0.icon,
        t1_0.name,
        t1_0.parent_id,
        t1_0.route,
        t1_0.updated_at,
        t1_0.updated_by 
    from
        transactions t1_0
2026-09-30 10:51:30 [http-nio-8080-exec-5] DEBUG org.hibernate.SQL - 
    select
        t1_0.profile_id,
        t1_1.id,
        t1_1.created_at,
        t1_1.created_by,
        t1_1.icon,
        t1_1.name,
        t1_1.parent_id,
        t1_1.route,
        st1_0.parent_id,
        st1_0.id,
        st1_0.created_at,
        st1_0.created_by,
        st1_0.icon,
        st1_0.name,
        st1_0.route,
        st1_0.updated_at,
        st1_0.updated_by,
        t1_1.updated_at,
        t1_1.updated_by 
    from
        profile_transactions t1_0 
    join
        transactions t1_1 
            on t1_1.id=t1_0.transaction_id 
    left join
        transactions st1_0 
            on t1_1.id=st1_0.parent_id 
    where
        t1_0.profile_id=?
2026-09-30 10:51:30 [http-nio-8080-exec-5] DEBUG org.hibernate.SQL - 
    select
        t1_0.profile_id,
        t1_1.id,
        t1_1.created_at,
        t1_1.created_by,
        t1_1.icon,
        t1_1.name,
        t1_1.parent_id,
        t1_1.route,
        st1_0.parent_id,
        st1_0.id,
        st1_0.created_at,
        st1_0.created_by,
        st1_0.icon,
        st1_0.name,
        st1_0.route,
        st1_0.updated_at,
        st1_0.updated_by,
        t1_1.updated_at,
        t1_1.updated_by 
    from
        profile_transactions t1_0 
    join
        transactions t1_1 
            on t1_1.id=t1_0.transaction_id 
    left join
        transactions st1_0 
            on t1_1.id=st1_0.parent_id 
    where
        t1_0.profile_id=?
2026-09-30 10:51:34 [http-nio-8080-exec-7] DEBUG org.hibernate.SQL - 
    select
        u1_0.id,
        u1_0.active,
        u1_0.created_at,
        u1_0.created_by,
        u1_0.email,
        u1_0.first_name,
        u1_0.has_active_fine,
        u1_0.last_name,
        u1_0.password,
        u1_0.tax_id,
        u1_0.updated_at,
        u1_0.updated_by 
    from
        users u1_0
2026-09-30 10:51:34 [http-nio-8080-exec-7] DEBUG org.hibernate.SQL - 
    select
        p1_0.user_id,
        p1_1.id,
        p1_1.created_at,
        p1_1.created_by,
        p1_1.name,
        t1_0.profile_id,
        t1_1.id,
        t1_1.created_at,
        t1_1.created_by,
        t1_1.icon,
        t1_1.name,
        t1_1.parent_id,
        t1_1.route,
        st1_0.parent_id,
        st1_0.id,
        st1_0.created_at,
        st1_0.created_by,
        st1_0.icon,
        st1_0.name,
        st1_0.route,
        st1_0.updated_at,
        st1_0.updated_by,
        t1_1.updated_at,
        t1_1.updated_by,
        p1_1.updated_at,
        p1_1.updated_by 
    from
        user_profiles p1_0 
    join
        profiles p1_1 
            on p1_1.id=p1_0.profile_id 
    left join
        profile_transactions t1_0 
            on p1_1.id=t1_0.profile_id 
    left join
        transactions t1_1 
            on t1_1.id=t1_0.transaction_id 
    left join
        transactions st1_0 
            on t1_1.id=st1_0.parent_id 
    where
        p1_0.user_id=?
2026-09-30 10:51:34 [http-nio-8080-exec-7] DEBUG org.hibernate.SQL - 
    select
        p1_0.user_id,
        p1_1.id,
        p1_1.created_at,
        p1_1.created_by,
        p1_1.name,
        t1_0.profile_id,
        t1_1.id,
        t1_1.created_at,
        t1_1.created_by,
        t1_1.icon,
        t1_1.name,
        t1_1.parent_id,
        t1_1.route,
        st1_0.parent_id,
        st1_0.id,
        st1_0.created_at,
        st1_0.created_by,
        st1_0.icon,
        st1_0.name,
        st1_0.route,
        st1_0.updated_at,
        st1_0.updated_by,
        t1_1.updated_at,
        t1_1.updated_by,
        p1_1.updated_at,
        p1_1.updated_by 
    from
        user_profiles p1_0 
    join
        profiles p1_1 
            on p1_1.id=p1_0.profile_id 
    left join
        profile_transactions t1_0 
            on p1_1.id=t1_0.profile_id 
    left join
        transactions t1_1 
            on t1_1.id=t1_0.transaction_id 
    left join
        transactions st1_0 
            on t1_1.id=st1_0.parent_id 
    where
        p1_0.user_id=?
2026-09-30 10:51:34 [http-nio-8080-exec-7] DEBUG org.hibernate.SQL - 
    select
        p1_0.user_id,
        p1_1.id,
        p1_1.created_at,
        p1_1.created_by,
        p1_1.name,
        t1_0.profile_id,
        t1_1.id,
        t1_1.created_at,
        t1_1.created_by,
        t1_1.icon,
        t1_1.name,
        t1_1.parent_id,
        t1_1.route,
        st1_0.parent_id,
        st1_0.id,
        st1_0.created_at,
        st1_0.created_by,
        st1_0.icon,
        st1_0.name,
        st1_0.route,
        st1_0.updated_at,
        st1_0.updated_by,
        t1_1.updated_at,
        t1_1.updated_by,
        p1_1.updated_at,
        p1_1.updated_by 
    from
        user_profiles p1_0 
    join
        profiles p1_1 
            on p1_1.id=p1_0.profile_id 
    left join
        profile_transactions t1_0 
            on p1_1.id=t1_0.profile_id 
    left join
        transactions t1_1 
            on t1_1.id=t1_0.transaction_id 
    left join
        transactions st1_0 
            on t1_1.id=st1_0.parent_id 
    where
        p1_0.user_id=?
2026-09-30 10:51:34 [http-nio-8080-exec-8] DEBUG org.hibernate.SQL - 
    select
        p1_0.id,
        p1_0.created_at,
        p1_0.created_by,
        p1_0.name,
        p1_0.updated_at,
        p1_0.updated_by 
    from
        profiles p1_0
2026-09-30 10:51:34 [http-nio-8080-exec-8] DEBUG org.hibernate.SQL - 
    select
        t1_0.profile_id,
        t1_1.id,
        t1_1.created_at,
        t1_1.created_by,
        t1_1.icon,
        t1_1.name,
        t1_1.parent_id,
        t1_1.route,
        st1_0.parent_id,
        st1_0.id,
        st1_0.created_at,
        st1_0.created_by,
        st1_0.icon,
        st1_0.name,
        st1_0.route,
        st1_0.updated_at,
        st1_0.updated_by,
        t1_1.updated_at,
        t1_1.updated_by 
    from
        profile_transactions t1_0 
    join
        transactions t1_1 
            on t1_1.id=t1_0.transaction_id 
    left join
        transactions st1_0 
            on t1_1.id=st1_0.parent_id 
    where
        t1_0.profile_id=?
2026-09-30 10:51:34 [http-nio-8080-exec-8] DEBUG org.hibernate.SQL - 
    select
        t1_0.profile_id,
        t1_1.id,
        t1_1.created_at,
        t1_1.created_by,
        t1_1.icon,
        t1_1.name,
        t1_1.parent_id,
        t1_1.route,
        st1_0.parent_id,
        st1_0.id,
        st1_0.created_at,
        st1_0.created_by,
        st1_0.icon,
        st1_0.name,
        st1_0.route,
        st1_0.updated_at,
        st1_0.updated_by,
        t1_1.updated_at,
        t1_1.updated_by 
    from
        profile_transactions t1_0 
    join
        transactions t1_1 
            on t1_1.id=t1_0.transaction_id 
    left join
        transactions st1_0 
            on t1_1.id=st1_0.parent_id 
    where
        t1_0.profile_id=?
2026-09-30 10:51:34 [http-nio-8080-exec-8] DEBUG org.hibernate.SQL - 
    select
        t1_0.profile_id,
        t1_1.id,
        t1_1.created_at,
        t1_1.created_by,
        t1_1.icon,
        t1_1.name,
        t1_1.parent_id,
        t1_1.route,
        st1_0.parent_id,
        st1_0.id,
        st1_0.created_at,
        st1_0.created_by,
        st1_0.icon,
        st1_0.name,
        st1_0.route,
        st1_0.updated_at,
        st1_0.updated_by,
        t1_1.updated_at,
        t1_1.updated_by 
    from
        profile_transactions t1_0 
    join
        transactions t1_1 
            on t1_1.id=t1_0.transaction_id 
    left join
        transactions st1_0 
            on t1_1.id=st1_0.parent_id 
    where
        t1_0.profile_id=?
2026-09-30 10:52:50 [http-nio-8080-exec-3] DEBUG org.hibernate.SQL - 
    select
        p1_0.id,
        p1_0.created_at,
        p1_0.created_by,
        p1_0.name,
        t1_0.profile_id,
        t1_1.id,
        t1_1.created_at,
        t1_1.created_by,
        t1_1.icon,
        t1_1.name,
        t1_1.parent_id,
        t1_1.route,
        st1_0.parent_id,
        st1_0.id,
        st1_0.created_at,
        st1_0.created_by,
        st1_0.icon,
        st1_0.name,
        st1_0.route,
        st1_0.updated_at,
        st1_0.updated_by,
        t1_1.updated_at,
        t1_1.updated_by,
        p1_0.updated_at,
        p1_0.updated_by 
    from
        profiles p1_0 
    left join
        profile_transactions t1_0 
            on p1_0.id=t1_0.profile_id 
    left join
        transactions t1_1 
            on t1_1.id=t1_0.transaction_id 
    left join
        transactions st1_0 
            on t1_1.id=st1_0.parent_id 
    where
        p1_0.id=?
2026-09-30 10:52:50 [http-nio-8080-exec-3] DEBUG org.hibernate.SQL - 
    insert 
    into
        users
        (active, created_at, created_by, email, first_name, has_active_fine, last_name, password, tax_id, updated_at, updated_by, id) 
    values
        (?, ?, ?, ?, ?, ?, ?, ?, ?, ?, ?, ?)
2026-09-30 10:52:50 [http-nio-8080-exec-3] DEBUG org.hibernate.SQL - 
    insert 
    into
        user_profiles
        (user_id, profile_id) 
    values
        (?, ?)
2026-09-30 10:52:50 [http-nio-8080-exec-2] DEBUG org.hibernate.SQL - 
    select
        u1_0.id,
        u1_0.active,
        u1_0.created_at,
        u1_0.created_by,
        u1_0.email,
        u1_0.first_name,
        u1_0.has_active_fine,
        u1_0.last_name,
        u1_0.password,
        u1_0.tax_id,
        u1_0.updated_at,
        u1_0.updated_by 
    from
        users u1_0
2026-09-30 10:52:50 [http-nio-8080-exec-2] DEBUG org.hibernate.SQL - 
    select
        p1_0.user_id,
        p1_1.id,
        p1_1.created_at,
        p1_1.created_by,
        p1_1.name,
        t1_0.profile_id,
        t1_1.id,
        t1_1.created_at,
        t1_1.created_by,
        t1_1.icon,
        t1_1.name,
        t1_1.parent_id,
        t1_1.route,
        st1_0.parent_id,
        st1_0.id,
        st1_0.created_at,
        st1_0.created_by,
        st1_0.icon,
        st1_0.name,
        st1_0.route,
        st1_0.updated_at,
        st1_0.updated_by,
        t1_1.updated_at,
        t1_1.updated_by,
        p1_1.updated_at,
        p1_1.updated_by 
    from
        user_profiles p1_0 
    join
        profiles p1_1 
            on p1_1.id=p1_0.profile_id 
    left join
        profile_transactions t1_0 
            on p1_1.id=t1_0.profile_id 
    left join
        transactions t1_1 
            on t1_1.id=t1_0.transaction_id 
    left join
        transactions st1_0 
            on t1_1.id=st1_0.parent_id 
    where
        p1_0.user_id=?
2026-09-30 10:52:50 [http-nio-8080-exec-2] DEBUG org.hibernate.SQL - 
    select
        p1_0.user_id,
        p1_1.id,
        p1_1.created_at,
        p1_1.created_by,
        p1_1.name,
        t1_0.profile_id,
        t1_1.id,
        t1_1.created_at,
        t1_1.created_by,
        t1_1.icon,
        t1_1.name,
        t1_1.parent_id,
        t1_1.route,
        st1_0.parent_id,
        st1_0.id,
        st1_0.created_at,
        st1_0.created_by,
        st1_0.icon,
        st1_0.name,
        st1_0.route,
        st1_0.updated_at,
        st1_0.updated_by,
        t1_1.updated_at,
        t1_1.updated_by,
        p1_1.updated_at,
        p1_1.updated_by 
    from
        user_profiles p1_0 
    join
        profiles p1_1 
            on p1_1.id=p1_0.profile_id 
    left join
        profile_transactions t1_0 
            on p1_1.id=t1_0.profile_id 
    left join
        transactions t1_1 
            on t1_1.id=t1_0.transaction_id 
    left join
        transactions st1_0 
            on t1_1.id=st1_0.parent_id 
    where
        p1_0.user_id=?
2026-09-30 10:52:50 [http-nio-8080-exec-2] DEBUG org.hibernate.SQL - 
    select
        p1_0.user_id,
        p1_1.id,
        p1_1.created_at,
        p1_1.created_by,
        p1_1.name,
        t1_0.profile_id,
        t1_1.id,
        t1_1.created_at,
        t1_1.created_by,
        t1_1.icon,
        t1_1.name,
        t1_1.parent_id,
        t1_1.route,
        st1_0.parent_id,
        st1_0.id,
        st1_0.created_at,
        st1_0.created_by,
        st1_0.icon,
        st1_0.name,
        st1_0.route,
        st1_0.updated_at,
        st1_0.updated_by,
        t1_1.updated_at,
        t1_1.updated_by,
        p1_1.updated_at,
        p1_1.updated_by 
    from
        user_profiles p1_0 
    join
        profiles p1_1 
            on p1_1.id=p1_0.profile_id 
    left join
        profile_transactions t1_0 
            on p1_1.id=t1_0.profile_id 
    left join
        transactions t1_1 
            on t1_1.id=t1_0.transaction_id 
    left join
        transactions st1_0 
            on t1_1.id=st1_0.parent_id 
    where
        p1_0.user_id=?
2026-09-30 10:52:50 [http-nio-8080-exec-2] DEBUG org.hibernate.SQL - 
    select
        p1_0.user_id,
        p1_1.id,
        p1_1.created_at,
        p1_1.created_by,
        p1_1.name,
        t1_0.profile_id,
        t1_1.id,
        t1_1.created_at,
        t1_1.created_by,
        t1_1.icon,
        t1_1.name,
        t1_1.parent_id,
        t1_1.route,
        st1_0.parent_id,
        st1_0.id,
        st1_0.created_at,
        st1_0.created_by,
        st1_0.icon,
        st1_0.name,
        st1_0.route,
        st1_0.updated_at,
        st1_0.updated_by,
        t1_1.updated_at,
        t1_1.updated_by,
        p1_1.updated_at,
        p1_1.updated_by 
    from
        user_profiles p1_0 
    join
        profiles p1_1 
            on p1_1.id=p1_0.profile_id 
    left join
        profile_transactions t1_0 
            on p1_1.id=t1_0.profile_id 
    left join
        transactions t1_1 
            on t1_1.id=t1_0.transaction_id 
    left join
        transactions st1_0 
            on t1_1.id=st1_0.parent_id 
    where
        p1_0.user_id=?
2026-09-30 10:52:57 [http-nio-8080-exec-4] DEBUG org.hibernate.SQL - 
    select
        p1_0.id,
        p1_0.created_at,
        p1_0.created_by,
        p1_0.name,
        p1_0.updated_at,
        p1_0.updated_by 
    from
        profiles p1_0
2026-09-30 10:52:57 [http-nio-8080-exec-4] DEBUG org.hibernate.SQL - 
    select
        t1_0.profile_id,
        t1_1.id,
        t1_1.created_at,
        t1_1.created_by,
        t1_1.icon,
        t1_1.name,
        t1_1.parent_id,
        t1_1.route,
        st1_0.parent_id,
        st1_0.id,
        st1_0.created_at,
        st1_0.created_by,
        st1_0.icon,
        st1_0.name,
        st1_0.route,
        st1_0.updated_at,
        st1_0.updated_by,
        t1_1.updated_at,
        t1_1.updated_by 
    from
        profile_transactions t1_0 
    join
        transactions t1_1 
            on t1_1.id=t1_0.transaction_id 
    left join
        transactions st1_0 
            on t1_1.id=st1_0.parent_id 
    where
        t1_0.profile_id=?
2026-09-30 10:52:57 [http-nio-8080-exec-4] DEBUG org.hibernate.SQL - 
    select
        t1_0.profile_id,
        t1_1.id,
        t1_1.created_at,
        t1_1.created_by,
        t1_1.icon,
        t1_1.name,
        t1_1.parent_id,
        t1_1.route,
        st1_0.parent_id,
        st1_0.id,
        st1_0.created_at,
        st1_0.created_by,
        st1_0.icon,
        st1_0.name,
        st1_0.route,
        st1_0.updated_at,
        st1_0.updated_by,
        t1_1.updated_at,
        t1_1.updated_by 
    from
        profile_transactions t1_0 
    join
        transactions t1_1 
            on t1_1.id=t1_0.transaction_id 
    left join
        transactions st1_0 
            on t1_1.id=st1_0.parent_id 
    where
        t1_0.profile_id=?
2026-09-30 10:52:57 [http-nio-8080-exec-4] DEBUG org.hibernate.SQL - 
    select
        t1_0.profile_id,
        t1_1.id,
        t1_1.created_at,
        t1_1.created_by,
        t1_1.icon,
        t1_1.name,
        t1_1.parent_id,
        t1_1.route,
        st1_0.parent_id,
        st1_0.id,
        st1_0.created_at,
        st1_0.created_by,
        st1_0.icon,
        st1_0.name,
        st1_0.route,
        st1_0.updated_at,
        st1_0.updated_by,
        t1_1.updated_at,
        t1_1.updated_by 
    from
        profile_transactions t1_0 
    join
        transactions t1_1 
            on t1_1.id=t1_0.transaction_id 
    left join
        transactions st1_0 
            on t1_1.id=st1_0.parent_id 
    where
        t1_0.profile_id=?
2026-09-30 10:52:57 [http-nio-8080-exec-6] DEBUG org.hibernate.SQL - 
    select
        t1_0.id,
        t1_0.created_at,
        t1_0.created_by,
        t1_0.icon,
        t1_0.name,
        t1_0.parent_id,
        t1_0.route,
        t1_0.updated_at,
        t1_0.updated_by 
    from
        transactions t1_0
2026-09-30 10:53:10 [http-nio-8080-exec-5] DEBUG org.hibernate.SQL - 
    select
        u1_0.id,
        u1_0.active,
        u1_0.created_at,
        u1_0.created_by,
        u1_0.email,
        u1_0.first_name,
        u1_0.has_active_fine,
        u1_0.last_name,
        u1_0.password,
        u1_0.tax_id,
        u1_0.updated_at,
        u1_0.updated_by 
    from
        users u1_0
2026-09-30 10:53:10 [http-nio-8080-exec-5] DEBUG org.hibernate.SQL - 
    select
        p1_0.user_id,
        p1_1.id,
        p1_1.created_at,
        p1_1.created_by,
        p1_1.name,
        t1_0.profile_id,
        t1_1.id,
        t1_1.created_at,
        t1_1.created_by,
        t1_1.icon,
        t1_1.name,
        t1_1.parent_id,
        t1_1.route,
        st1_0.parent_id,
        st1_0.id,
        st1_0.created_at,
        st1_0.created_by,
        st1_0.icon,
        st1_0.name,
        st1_0.route,
        st1_0.updated_at,
        st1_0.updated_by,
        t1_1.updated_at,
        t1_1.updated_by,
        p1_1.updated_at,
        p1_1.updated_by 
    from
        user_profiles p1_0 
    join
        profiles p1_1 
            on p1_1.id=p1_0.profile_id 
    left join
        profile_transactions t1_0 
            on p1_1.id=t1_0.profile_id 
    left join
        transactions t1_1 
            on t1_1.id=t1_0.transaction_id 
    left join
        transactions st1_0 
            on t1_1.id=st1_0.parent_id 
    where
        p1_0.user_id=?
2026-09-30 10:53:10 [http-nio-8080-exec-5] DEBUG org.hibernate.SQL - 
    select
        p1_0.user_id,
        p1_1.id,
        p1_1.created_at,
        p1_1.created_by,
        p1_1.name,
        t1_0.profile_id,
        t1_1.id,
        t1_1.created_at,
        t1_1.created_by,
        t1_1.icon,
        t1_1.name,
        t1_1.parent_id,
        t1_1.route,
        st1_0.parent_id,
        st1_0.id,
        st1_0.created_at,
        st1_0.created_by,
        st1_0.icon,
        st1_0.name,
        st1_0.route,
        st1_0.updated_at,
        st1_0.updated_by,
        t1_1.updated_at,
        t1_1.updated_by,
        p1_1.updated_at,
        p1_1.updated_by 
    from
        user_profiles p1_0 
    join
        profiles p1_1 
            on p1_1.id=p1_0.profile_id 
    left join
        profile_transactions t1_0 
            on p1_1.id=t1_0.profile_id 
    left join
        transactions t1_1 
            on t1_1.id=t1_0.transaction_id 
    left join
        transactions st1_0 
            on t1_1.id=st1_0.parent_id 
    where
        p1_0.user_id=?
2026-09-30 10:53:10 [http-nio-8080-exec-5] DEBUG org.hibernate.SQL - 
    select
        p1_0.user_id,
        p1_1.id,
        p1_1.created_at,
        p1_1.created_by,
        p1_1.name,
        t1_0.profile_id,
        t1_1.id,
        t1_1.created_at,
        t1_1.created_by,
        t1_1.icon,
        t1_1.name,
        t1_1.parent_id,
        t1_1.route,
        st1_0.parent_id,
        st1_0.id,
        st1_0.created_at,
        st1_0.created_by,
        st1_0.icon,
        st1_0.name,
        st1_0.route,
        st1_0.updated_at,
        st1_0.updated_by,
        t1_1.updated_at,
        t1_1.updated_by,
        p1_1.updated_at,
        p1_1.updated_by 
    from
        user_profiles p1_0 
    join
        profiles p1_1 
            on p1_1.id=p1_0.profile_id 
    left join
        profile_transactions t1_0 
            on p1_1.id=t1_0.profile_id 
    left join
        transactions t1_1 
            on t1_1.id=t1_0.transaction_id 
    left join
        transactions st1_0 
            on t1_1.id=st1_0.parent_id 
    where
        p1_0.user_id=?
2026-09-30 10:53:10 [http-nio-8080-exec-5] DEBUG org.hibernate.SQL - 
    select
        p1_0.user_id,
        p1_1.id,
        p1_1.created_at,
        p1_1.created_by,
        p1_1.name,
        t1_0.profile_id,
        t1_1.id,
        t1_1.created_at,
        t1_1.created_by,
        t1_1.icon,
        t1_1.name,
        t1_1.parent_id,
        t1_1.route,
        st1_0.parent_id,
        st1_0.id,
        st1_0.created_at,
        st1_0.created_by,
        st1_0.icon,
        st1_0.name,
        st1_0.route,
        st1_0.updated_at,
        st1_0.updated_by,
        t1_1.updated_at,
        t1_1.updated_by,
        p1_1.updated_at,
        p1_1.updated_by 
    from
        user_profiles p1_0 
    join
        profiles p1_1 
            on p1_1.id=p1_0.profile_id 
    left join
        profile_transactions t1_0 
            on p1_1.id=t1_0.profile_id 
    left join
        transactions t1_1 
            on t1_1.id=t1_0.transaction_id 
    left join
        transactions st1_0 
            on t1_1.id=st1_0.parent_id 
    where
        p1_0.user_id=?
2026-09-30 10:53:10 [http-nio-8080-exec-7] DEBUG org.hibernate.SQL - 
    select
        p1_0.id,
        p1_0.created_at,
        p1_0.created_by,
        p1_0.name,
        p1_0.updated_at,
        p1_0.updated_by 
    from
        profiles p1_0
2026-09-30 10:53:10 [http-nio-8080-exec-7] DEBUG org.hibernate.SQL - 
    select
        t1_0.profile_id,
        t1_1.id,
        t1_1.created_at,
        t1_1.created_by,
        t1_1.icon,
        t1_1.name,
        t1_1.parent_id,
        t1_1.route,
        st1_0.parent_id,
        st1_0.id,
        st1_0.created_at,
        st1_0.created_by,
        st1_0.icon,
        st1_0.name,
        st1_0.route,
        st1_0.updated_at,
        st1_0.updated_by,
        t1_1.updated_at,
        t1_1.updated_by 
    from
        profile_transactions t1_0 
    join
        transactions t1_1 
            on t1_1.id=t1_0.transaction_id 
    left join
        transactions st1_0 
            on t1_1.id=st1_0.parent_id 
    where
        t1_0.profile_id=?
2026-09-30 10:53:10 [http-nio-8080-exec-7] DEBUG org.hibernate.SQL - 
    select
        t1_0.profile_id,
        t1_1.id,
        t1_1.created_at,
        t1_1.created_by,
        t1_1.icon,
        t1_1.name,
        t1_1.parent_id,
        t1_1.route,
        st1_0.parent_id,
        st1_0.id,
        st1_0.created_at,
        st1_0.created_by,
        st1_0.icon,
        st1_0.name,
        st1_0.route,
        st1_0.updated_at,
        st1_0.updated_by,
        t1_1.updated_at,
        t1_1.updated_by 
    from
        profile_transactions t1_0 
    join
        transactions t1_1 
            on t1_1.id=t1_0.transaction_id 
    left join
        transactions st1_0 
            on t1_1.id=st1_0.parent_id 
    where
        t1_0.profile_id=?
2026-09-30 10:53:10 [http-nio-8080-exec-7] DEBUG org.hibernate.SQL - 
    select
        t1_0.profile_id,
        t1_1.id,
        t1_1.created_at,
        t1_1.created_by,
        t1_1.icon,
        t1_1.name,
        t1_1.parent_id,
        t1_1.route,
        st1_0.parent_id,
        st1_0.id,
        st1_0.created_at,
        st1_0.created_by,
        st1_0.icon,
        st1_0.name,
        st1_0.route,
        st1_0.updated_at,
        st1_0.updated_by,
        t1_1.updated_at,
        t1_1.updated_by 
    from
        profile_transactions t1_0 
    join
        transactions t1_1 
            on t1_1.id=t1_0.transaction_id 
    left join
        transactions st1_0 
            on t1_1.id=st1_0.parent_id 
    where
        t1_0.profile_id=?
2026-09-30 10:53:18 [http-nio-8080-exec-8] DEBUG org.hibernate.SQL - 
    select
        t1_0.id,
        t1_0.created_at,
        t1_0.created_by,
        t1_0.icon,
        t1_0.name,
        t1_0.parent_id,
        t1_0.route,
        t1_0.updated_at,
        t1_0.updated_by 
    from
        transactions t1_0
2026-09-30 10:53:20 [http-nio-8080-exec-9] DEBUG org.hibernate.SQL - 
    select
        p1_0.id,
        p1_0.created_at,
        p1_0.created_by,
        p1_0.name,
        p1_0.updated_at,
        p1_0.updated_by 
    from
        profiles p1_0
2026-09-30 10:53:20 [http-nio-8080-exec-9] DEBUG org.hibernate.SQL - 
    select
        t1_0.profile_id,
        t1_1.id,
        t1_1.created_at,
        t1_1.created_by,
        t1_1.icon,
        t1_1.name,
        t1_1.parent_id,
        t1_1.route,
        st1_0.parent_id,
        st1_0.id,
        st1_0.created_at,
        st1_0.created_by,
        st1_0.icon,
        st1_0.name,
        st1_0.route,
        st1_0.updated_at,
        st1_0.updated_by,
        t1_1.updated_at,
        t1_1.updated_by 
    from
        profile_transactions t1_0 
    join
        transactions t1_1 
            on t1_1.id=t1_0.transaction_id 
    left join
        transactions st1_0 
            on t1_1.id=st1_0.parent_id 
    where
        t1_0.profile_id=?
2026-09-30 10:53:20 [http-nio-8080-exec-9] DEBUG org.hibernate.SQL - 
    select
        t1_0.profile_id,
        t1_1.id,
        t1_1.created_at,
        t1_1.created_by,
        t1_1.icon,
        t1_1.name,
        t1_1.parent_id,
        t1_1.route,
        st1_0.parent_id,
        st1_0.id,
        st1_0.created_at,
        st1_0.created_by,
        st1_0.icon,
        st1_0.name,
        st1_0.route,
        st1_0.updated_at,
        st1_0.updated_by,
        t1_1.updated_at,
        t1_1.updated_by 
    from
        profile_transactions t1_0 
    join
        transactions t1_1 
            on t1_1.id=t1_0.transaction_id 
    left join
        transactions st1_0 
            on t1_1.id=st1_0.parent_id 
    where
        t1_0.profile_id=?
2026-09-30 10:53:20 [http-nio-8080-exec-9] DEBUG org.hibernate.SQL - 
    select
        t1_0.profile_id,
        t1_1.id,
        t1_1.created_at,
        t1_1.created_by,
        t1_1.icon,
        t1_1.name,
        t1_1.parent_id,
        t1_1.route,
        st1_0.parent_id,
        st1_0.id,
        st1_0.created_at,
        st1_0.created_by,
        st1_0.icon,
        st1_0.name,
        st1_0.route,
        st1_0.updated_at,
        st1_0.updated_by,
        t1_1.updated_at,
        t1_1.updated_by 
    from
        profile_transactions t1_0 
    join
        transactions t1_1 
            on t1_1.id=t1_0.transaction_id 
    left join
        transactions st1_0 
            on t1_1.id=st1_0.parent_id 
    where
        t1_0.profile_id=?
2026-09-30 10:53:20 [http-nio-8080-exec-10] DEBUG org.hibernate.SQL - 
    select
        t1_0.id,
        t1_0.created_at,
        t1_0.created_by,
        t1_0.icon,
        t1_0.name,
        t1_0.parent_id,
        t1_0.route,
        t1_0.updated_at,
        t1_0.updated_by 
    from
        transactions t1_0
2026-09-30 10:53:20 [http-nio-8080-exec-1] DEBUG org.hibernate.SQL - 
    select
        u1_0.id,
        u1_0.active,
        u1_0.created_at,
        u1_0.created_by,
        u1_0.email,
        u1_0.first_name,
        u1_0.has_active_fine,
        u1_0.last_name,
        u1_0.password,
        u1_0.tax_id,
        u1_0.updated_at,
        u1_0.updated_by 
    from
        users u1_0
2026-09-30 10:53:20 [http-nio-8080-exec-1] DEBUG org.hibernate.SQL - 
    select
        p1_0.user_id,
        p1_1.id,
        p1_1.created_at,
        p1_1.created_by,
        p1_1.name,
        t1_0.profile_id,
        t1_1.id,
        t1_1.created_at,
        t1_1.created_by,
        t1_1.icon,
        t1_1.name,
        t1_1.parent_id,
        t1_1.route,
        st1_0.parent_id,
        st1_0.id,
        st1_0.created_at,
        st1_0.created_by,
        st1_0.icon,
        st1_0.name,
        st1_0.route,
        st1_0.updated_at,
        st1_0.updated_by,
        t1_1.updated_at,
        t1_1.updated_by,
        p1_1.updated_at,
        p1_1.updated_by 
    from
        user_profiles p1_0 
    join
        profiles p1_1 
            on p1_1.id=p1_0.profile_id 
    left join
        profile_transactions t1_0 
            on p1_1.id=t1_0.profile_id 
    left join
        transactions t1_1 
            on t1_1.id=t1_0.transaction_id 
    left join
        transactions st1_0 
            on t1_1.id=st1_0.parent_id 
    where
        p1_0.user_id=?
2026-09-30 10:53:20 [http-nio-8080-exec-1] DEBUG org.hibernate.SQL - 
    select
        p1_0.user_id,
        p1_1.id,
        p1_1.created_at,
        p1_1.created_by,
        p1_1.name,
        t1_0.profile_id,
        t1_1.id,
        t1_1.created_at,
        t1_1.created_by,
        t1_1.icon,
        t1_1.name,
        t1_1.parent_id,
        t1_1.route,
        st1_0.parent_id,
        st1_0.id,
        st1_0.created_at,
        st1_0.created_by,
        st1_0.icon,
        st1_0.name,
        st1_0.route,
        st1_0.updated_at,
        st1_0.updated_by,
        t1_1.updated_at,
        t1_1.updated_by,
        p1_1.updated_at,
        p1_1.updated_by 
    from
        user_profiles p1_0 
    join
        profiles p1_1 
            on p1_1.id=p1_0.profile_id 
    left join
        profile_transactions t1_0 
            on p1_1.id=t1_0.profile_id 
    left join
        transactions t1_1 
            on t1_1.id=t1_0.transaction_id 
    left join
        transactions st1_0 
            on t1_1.id=st1_0.parent_id 
    where
        p1_0.user_id=?
2026-09-30 10:53:20 [http-nio-8080-exec-1] DEBUG org.hibernate.SQL - 
    select
        p1_0.user_id,
        p1_1.id,
        p1_1.created_at,
        p1_1.created_by,
        p1_1.name,
        t1_0.profile_id,
        t1_1.id,
        t1_1.created_at,
        t1_1.created_by,
        t1_1.icon,
        t1_1.name,
        t1_1.parent_id,
        t1_1.route,
        st1_0.parent_id,
        st1_0.id,
        st1_0.created_at,
        st1_0.created_by,
        st1_0.icon,
        st1_0.name,
        st1_0.route,
        st1_0.updated_at,
        st1_0.updated_by,
        t1_1.updated_at,
        t1_1.updated_by,
        p1_1.updated_at,
        p1_1.updated_by 
    from
        user_profiles p1_0 
    join
        profiles p1_1 
            on p1_1.id=p1_0.profile_id 
    left join
        profile_transactions t1_0 
            on p1_1.id=t1_0.profile_id 
    left join
        transactions t1_1 
            on t1_1.id=t1_0.transaction_id 
    left join
        transactions st1_0 
            on t1_1.id=st1_0.parent_id 
    where
        p1_0.user_id=?
2026-09-30 10:53:20 [http-nio-8080-exec-1] DEBUG org.hibernate.SQL - 
    select
        p1_0.user_id,
        p1_1.id,
        p1_1.created_at,
        p1_1.created_by,
        p1_1.name,
        t1_0.profile_id,
        t1_1.id,
        t1_1.created_at,
        t1_1.created_by,
        t1_1.icon,
        t1_1.name,
        t1_1.parent_id,
        t1_1.route,
        st1_0.parent_id,
        st1_0.id,
        st1_0.created_at,
        st1_0.created_by,
        st1_0.icon,
        st1_0.name,
        st1_0.route,
        st1_0.updated_at,
        st1_0.updated_by,
        t1_1.updated_at,
        t1_1.updated_by,
        p1_1.updated_at,
        p1_1.updated_by 
    from
        user_profiles p1_0 
    join
        profiles p1_1 
            on p1_1.id=p1_0.profile_id 
    left join
        profile_transactions t1_0 
            on p1_1.id=t1_0.profile_id 
    left join
        transactions t1_1 
            on t1_1.id=t1_0.transaction_id 
    left join
        transactions st1_0 
            on t1_1.id=st1_0.parent_id 
    where
        p1_0.user_id=?
2026-09-30 10:53:20 [http-nio-8080-exec-3] DEBUG org.hibernate.SQL - 
    select
        p1_0.id,
        p1_0.created_at,
        p1_0.created_by,
        p1_0.name,
        p1_0.updated_at,
        p1_0.updated_by 
    from
        profiles p1_0
2026-09-30 10:53:20 [http-nio-8080-exec-3] DEBUG org.hibernate.SQL - 
    select
        t1_0.profile_id,
        t1_1.id,
        t1_1.created_at,
        t1_1.created_by,
        t1_1.icon,
        t1_1.name,
        t1_1.parent_id,
        t1_1.route,
        st1_0.parent_id,
        st1_0.id,
        st1_0.created_at,
        st1_0.created_by,
        st1_0.icon,
        st1_0.name,
        st1_0.route,
        st1_0.updated_at,
        st1_0.updated_by,
        t1_1.updated_at,
        t1_1.updated_by 
    from
        profile_transactions t1_0 
    join
        transactions t1_1 
            on t1_1.id=t1_0.transaction_id 
    left join
        transactions st1_0 
            on t1_1.id=st1_0.parent_id 
    where
        t1_0.profile_id=?
2026-09-30 10:53:20 [http-nio-8080-exec-3] DEBUG org.hibernate.SQL - 
    select
        t1_0.profile_id,
        t1_1.id,
        t1_1.created_at,
        t1_1.created_by,
        t1_1.icon,
        t1_1.name,
        t1_1.parent_id,
        t1_1.route,
        st1_0.parent_id,
        st1_0.id,
        st1_0.created_at,
        st1_0.created_by,
        st1_0.icon,
        st1_0.name,
        st1_0.route,
        st1_0.updated_at,
        st1_0.updated_by,
        t1_1.updated_at,
        t1_1.updated_by 
    from
        profile_transactions t1_0 
    join
        transactions t1_1 
            on t1_1.id=t1_0.transaction_id 
    left join
        transactions st1_0 
            on t1_1.id=st1_0.parent_id 
    where
        t1_0.profile_id=?
2026-09-30 10:53:20 [http-nio-8080-exec-3] DEBUG org.hibernate.SQL - 
    select
        t1_0.profile_id,
        t1_1.id,
        t1_1.created_at,
        t1_1.created_by,
        t1_1.icon,
        t1_1.name,
        t1_1.parent_id,
        t1_1.route,
        st1_0.parent_id,
        st1_0.id,
        st1_0.created_at,
        st1_0.created_by,
        st1_0.icon,
        st1_0.name,
        st1_0.route,
        st1_0.updated_at,
        st1_0.updated_by,
        t1_1.updated_at,
        t1_1.updated_by 
    from
        profile_transactions t1_0 
    join
        transactions t1_1 
            on t1_1.id=t1_0.transaction_id 
    left join
        transactions st1_0 
            on t1_1.id=st1_0.parent_id 
    where
        t1_0.profile_id=?
2026-09-30 10:53:38 [http-nio-8080-exec-2] DEBUG org.hibernate.SQL - 
    select
        l1_0.id,
        l1_0.book_id,
        l1_0.checkout_date,
        l1_0.created_at,
        l1_0.created_by,
        l1_0.due_date,
        l1_0.return_date,
        l1_0.status,
        l1_0.updated_at,
        l1_0.updated_by,
        l1_0.user_id 
    from
        loans l1_0 
    where
        l1_0.user_id=?
2026-09-30 10:53:38 [http-nio-8080-exec-2] DEBUG org.hibernate.SQL - 
    select
        b1_0.id,
        b1_0.author,
        b1_0.available_copies,
        b1_0.created_at,
        b1_0.created_by,
        b1_0.isbn,
        b1_0.title,
        b1_0.updated_at,
        b1_0.updated_by 
    from
        books b1_0 
    where
        b1_0.id=?
2026-09-30 10:54:03 [http-nio-8080-exec-4] DEBUG org.hibernate.SQL - 
    select
        u1_0.id,
        u1_0.active,
        u1_0.created_at,
        u1_0.created_by,
        u1_0.email,
        u1_0.first_name,
        u1_0.has_active_fine,
        u1_0.last_name,
        u1_0.password,
        u1_0.tax_id,
        u1_0.updated_at,
        u1_0.updated_by 
    from
        users u1_0
2026-09-30 10:54:03 [http-nio-8080-exec-4] DEBUG org.hibernate.SQL - 
    select
        p1_0.user_id,
        p1_1.id,
        p1_1.created_at,
        p1_1.created_by,
        p1_1.name,
        t1_0.profile_id,
        t1_1.id,
        t1_1.created_at,
        t1_1.created_by,
        t1_1.icon,
        t1_1.name,
        t1_1.parent_id,
        t1_1.route,
        st1_0.parent_id,
        st1_0.id,
        st1_0.created_at,
        st1_0.created_by,
        st1_0.icon,
        st1_0.name,
        st1_0.route,
        st1_0.updated_at,
        st1_0.updated_by,
        t1_1.updated_at,
        t1_1.updated_by,
        p1_1.updated_at,
        p1_1.updated_by 
    from
        user_profiles p1_0 
    join
        profiles p1_1 
            on p1_1.id=p1_0.profile_id 
    left join
        profile_transactions t1_0 
            on p1_1.id=t1_0.profile_id 
    left join
        transactions t1_1 
            on t1_1.id=t1_0.transaction_id 
    left join
        transactions st1_0 
            on t1_1.id=st1_0.parent_id 
    where
        p1_0.user_id=?
2026-09-30 10:54:03 [http-nio-8080-exec-4] DEBUG org.hibernate.SQL - 
    select
        p1_0.user_id,
        p1_1.id,
        p1_1.created_at,
        p1_1.created_by,
        p1_1.name,
        t1_0.profile_id,
        t1_1.id,
        t1_1.created_at,
        t1_1.created_by,
        t1_1.icon,
        t1_1.name,
        t1_1.parent_id,
        t1_1.route,
        st1_0.parent_id,
        st1_0.id,
        st1_0.created_at,
        st1_0.created_by,
        st1_0.icon,
        st1_0.name,
        st1_0.route,
        st1_0.updated_at,
        st1_0.updated_by,
        t1_1.updated_at,
        t1_1.updated_by,
        p1_1.updated_at,
        p1_1.updated_by 
    from
        user_profiles p1_0 
    join
        profiles p1_1 
            on p1_1.id=p1_0.profile_id 
    left join
        profile_transactions t1_0 
            on p1_1.id=t1_0.profile_id 
    left join
        transactions t1_1 
            on t1_1.id=t1_0.transaction_id 
    left join
        transactions st1_0 
            on t1_1.id=st1_0.parent_id 
    where
        p1_0.user_id=?
2026-09-30 10:54:03 [http-nio-8080-exec-4] DEBUG org.hibernate.SQL - 
    select
        p1_0.user_id,
        p1_1.id,
        p1_1.created_at,
        p1_1.created_by,
        p1_1.name,
        t1_0.profile_id,
        t1_1.id,
        t1_1.created_at,
        t1_1.created_by,
        t1_1.icon,
        t1_1.name,
        t1_1.parent_id,
        t1_1.route,
        st1_0.parent_id,
        st1_0.id,
        st1_0.created_at,
        st1_0.created_by,
        st1_0.icon,
        st1_0.name,
        st1_0.route,
        st1_0.updated_at,
        st1_0.updated_by,
        t1_1.updated_at,
        t1_1.updated_by,
        p1_1.updated_at,
        p1_1.updated_by 
    from
        user_profiles p1_0 
    join
        profiles p1_1 
            on p1_1.id=p1_0.profile_id 
    left join
        profile_transactions t1_0 
            on p1_1.id=t1_0.profile_id 
    left join
        transactions t1_1 
            on t1_1.id=t1_0.transaction_id 
    left join
        transactions st1_0 
            on t1_1.id=st1_0.parent_id 
    where
        p1_0.user_id=?
2026-09-30 10:54:03 [http-nio-8080-exec-4] DEBUG org.hibernate.SQL - 
    select
        p1_0.user_id,
        p1_1.id,
        p1_1.created_at,
        p1_1.created_by,
        p1_1.name,
        t1_0.profile_id,
        t1_1.id,
        t1_1.created_at,
        t1_1.created_by,
        t1_1.icon,
        t1_1.name,
        t1_1.parent_id,
        t1_1.route,
        st1_0.parent_id,
        st1_0.id,
        st1_0.created_at,
        st1_0.created_by,
        st1_0.icon,
        st1_0.name,
        st1_0.route,
        st1_0.updated_at,
        st1_0.updated_by,
        t1_1.updated_at,
        t1_1.updated_by,
        p1_1.updated_at,
        p1_1.updated_by 
    from
        user_profiles p1_0 
    join
        profiles p1_1 
            on p1_1.id=p1_0.profile_id 
    left join
        profile_transactions t1_0 
            on p1_1.id=t1_0.profile_id 
    left join
        transactions t1_1 
            on t1_1.id=t1_0.transaction_id 
    left join
        transactions st1_0 
            on t1_1.id=st1_0.parent_id 
    where
        p1_0.user_id=?
2026-09-30 10:54:03 [http-nio-8080-exec-6] DEBUG org.hibernate.SQL - 
    select
        b1_0.id,
        b1_0.author,
        b1_0.available_copies,
        b1_0.created_at,
        b1_0.created_by,
        b1_0.isbn,
        b1_0.title,
        b1_0.updated_at,
        b1_0.updated_by 
    from
        books b1_0
2026-09-30 10:54:04 [http-nio-8080-exec-5] DEBUG org.hibernate.SQL - 
    select
        l1_0.id,
        l1_0.book_id,
        l1_0.checkout_date,
        l1_0.created_at,
        l1_0.created_by,
        l1_0.due_date,
        l1_0.return_date,
        l1_0.status,
        l1_0.updated_at,
        l1_0.updated_by,
        l1_0.user_id 
    from
        loans l1_0 
    where
        l1_0.user_id=?
2026-09-30 10:54:04 [http-nio-8080-exec-5] DEBUG org.hibernate.SQL - 
    select
        b1_0.id,
        b1_0.author,
        b1_0.available_copies,
        b1_0.created_at,
        b1_0.created_by,
        b1_0.isbn,
        b1_0.title,
        b1_0.updated_at,
        b1_0.updated_by 
    from
        books b1_0 
    where
        b1_0.id=?
2026-09-30 10:54:05 [http-nio-8080-exec-7] DEBUG org.hibernate.SQL - 
    select
        u1_0.id,
        u1_0.active,
        u1_0.created_at,
        u1_0.created_by,
        u1_0.email,
        u1_0.first_name,
        u1_0.has_active_fine,
        u1_0.last_name,
        u1_0.password,
        u1_0.tax_id,
        u1_0.updated_at,
        u1_0.updated_by 
    from
        users u1_0
2026-09-30 10:54:05 [http-nio-8080-exec-7] DEBUG org.hibernate.SQL - 
    select
        p1_0.user_id,
        p1_1.id,
        p1_1.created_at,
        p1_1.created_by,
        p1_1.name,
        t1_0.profile_id,
        t1_1.id,
        t1_1.created_at,
        t1_1.created_by,
        t1_1.icon,
        t1_1.name,
        t1_1.parent_id,
        t1_1.route,
        st1_0.parent_id,
        st1_0.id,
        st1_0.created_at,
        st1_0.created_by,
        st1_0.icon,
        st1_0.name,
        st1_0.route,
        st1_0.updated_at,
        st1_0.updated_by,
        t1_1.updated_at,
        t1_1.updated_by,
        p1_1.updated_at,
        p1_1.updated_by 
    from
        user_profiles p1_0 
    join
        profiles p1_1 
            on p1_1.id=p1_0.profile_id 
    left join
        profile_transactions t1_0 
            on p1_1.id=t1_0.profile_id 
    left join
        transactions t1_1 
            on t1_1.id=t1_0.transaction_id 
    left join
        transactions st1_0 
            on t1_1.id=st1_0.parent_id 
    where
        p1_0.user_id=?
2026-09-30 10:54:05 [http-nio-8080-exec-8] DEBUG org.hibernate.SQL - 
    select
        b1_0.id,
        b1_0.author,
        b1_0.available_copies,
        b1_0.created_at,
        b1_0.created_by,
        b1_0.isbn,
        b1_0.title,
        b1_0.updated_at,
        b1_0.updated_by 
    from
        books b1_0
2026-09-30 10:54:05 [http-nio-8080-exec-7] DEBUG org.hibernate.SQL - 
    select
        p1_0.user_id,
        p1_1.id,
        p1_1.created_at,
        p1_1.created_by,
        p1_1.name,
        t1_0.profile_id,
        t1_1.id,
        t1_1.created_at,
        t1_1.created_by,
        t1_1.icon,
        t1_1.name,
        t1_1.parent_id,
        t1_1.route,
        st1_0.parent_id,
        st1_0.id,
        st1_0.created_at,
        st1_0.created_by,
        st1_0.icon,
        st1_0.name,
        st1_0.route,
        st1_0.updated_at,
        st1_0.updated_by,
        t1_1.updated_at,
        t1_1.updated_by,
        p1_1.updated_at,
        p1_1.updated_by 
    from
        user_profiles p1_0 
    join
        profiles p1_1 
            on p1_1.id=p1_0.profile_id 
    left join
        profile_transactions t1_0 
            on p1_1.id=t1_0.profile_id 
    left join
        transactions t1_1 
            on t1_1.id=t1_0.transaction_id 
    left join
        transactions st1_0 
            on t1_1.id=st1_0.parent_id 
    where
        p1_0.user_id=?
2026-09-30 10:54:05 [http-nio-8080-exec-7] DEBUG org.hibernate.SQL - 
    select
        p1_0.user_id,
        p1_1.id,
        p1_1.created_at,
        p1_1.created_by,
        p1_1.name,
        t1_0.profile_id,
        t1_1.id,
        t1_1.created_at,
        t1_1.created_by,
        t1_1.icon,
        t1_1.name,
        t1_1.parent_id,
        t1_1.route,
        st1_0.parent_id,
        st1_0.id,
        st1_0.created_at,
        st1_0.created_by,
        st1_0.icon,
        st1_0.name,
        st1_0.route,
        st1_0.updated_at,
        st1_0.updated_by,
        t1_1.updated_at,
        t1_1.updated_by,
        p1_1.updated_at,
        p1_1.updated_by 
    from
        user_profiles p1_0 
    join
        profiles p1_1 
            on p1_1.id=p1_0.profile_id 
    left join
        profile_transactions t1_0 
            on p1_1.id=t1_0.profile_id 
    left join
        transactions t1_1 
            on t1_1.id=t1_0.transaction_id 
    left join
        transactions st1_0 
            on t1_1.id=st1_0.parent_id 
    where
        p1_0.user_id=?
2026-09-30 10:54:05 [http-nio-8080-exec-7] DEBUG org.hibernate.SQL - 
    select
        p1_0.user_id,
        p1_1.id,
        p1_1.created_at,
        p1_1.created_by,
        p1_1.name,
        t1_0.profile_id,
        t1_1.id,
        t1_1.created_at,
        t1_1.created_by,
        t1_1.icon,
        t1_1.name,
        t1_1.parent_id,
        t1_1.route,
        st1_0.parent_id,
        st1_0.id,
        st1_0.created_at,
        st1_0.created_by,
        st1_0.icon,
        st1_0.name,
        st1_0.route,
        st1_0.updated_at,
        st1_0.updated_by,
        t1_1.updated_at,
        t1_1.updated_by,
        p1_1.updated_at,
        p1_1.updated_by 
    from
        user_profiles p1_0 
    join
        profiles p1_1 
            on p1_1.id=p1_0.profile_id 
    left join
        profile_transactions t1_0 
            on p1_1.id=t1_0.profile_id 
    left join
        transactions t1_1 
            on t1_1.id=t1_0.transaction_id 
    left join
        transactions st1_0 
            on t1_1.id=st1_0.parent_id 
    where
        p1_0.user_id=?
2026-09-30 10:54:05 [http-nio-8080-exec-9] DEBUG org.hibernate.SQL - 
    select
        u1_0.id,
        u1_0.active,
        u1_0.created_at,
        u1_0.created_by,
        u1_0.email,
        u1_0.first_name,
        u1_0.has_active_fine,
        u1_0.last_name,
        u1_0.password,
        u1_0.tax_id,
        u1_0.updated_at,
        u1_0.updated_by 
    from
        users u1_0
2026-09-30 10:54:05 [http-nio-8080-exec-9] DEBUG org.hibernate.SQL - 
    select
        p1_0.user_id,
        p1_1.id,
        p1_1.created_at,
        p1_1.created_by,
        p1_1.name,
        t1_0.profile_id,
        t1_1.id,
        t1_1.created_at,
        t1_1.created_by,
        t1_1.icon,
        t1_1.name,
        t1_1.parent_id,
        t1_1.route,
        st1_0.parent_id,
        st1_0.id,
        st1_0.created_at,
        st1_0.created_by,
        st1_0.icon,
        st1_0.name,
        st1_0.route,
        st1_0.updated_at,
        st1_0.updated_by,
        t1_1.updated_at,
        t1_1.updated_by,
        p1_1.updated_at,
        p1_1.updated_by 
    from
        user_profiles p1_0 
    join
        profiles p1_1 
            on p1_1.id=p1_0.profile_id 
    left join
        profile_transactions t1_0 
            on p1_1.id=t1_0.profile_id 
    left join
        transactions t1_1 
            on t1_1.id=t1_0.transaction_id 
    left join
        transactions st1_0 
            on t1_1.id=st1_0.parent_id 
    where
        p1_0.user_id=?
2026-09-30 10:54:05 [http-nio-8080-exec-9] DEBUG org.hibernate.SQL - 
    select
        p1_0.user_id,
        p1_1.id,
        p1_1.created_at,
        p1_1.created_by,
        p1_1.name,
        t1_0.profile_id,
        t1_1.id,
        t1_1.created_at,
        t1_1.created_by,
        t1_1.icon,
        t1_1.name,
        t1_1.parent_id,
        t1_1.route,
        st1_0.parent_id,
        st1_0.id,
        st1_0.created_at,
        st1_0.created_by,
        st1_0.icon,
        st1_0.name,
        st1_0.route,
        st1_0.updated_at,
        st1_0.updated_by,
        t1_1.updated_at,
        t1_1.updated_by,
        p1_1.updated_at,
        p1_1.updated_by 
    from
        user_profiles p1_0 
    join
        profiles p1_1 
            on p1_1.id=p1_0.profile_id 
    left join
        profile_transactions t1_0 
            on p1_1.id=t1_0.profile_id 
    left join
        transactions t1_1 
            on t1_1.id=t1_0.transaction_id 
    left join
        transactions st1_0 
            on t1_1.id=st1_0.parent_id 
    where
        p1_0.user_id=?
2026-09-30 10:54:05 [http-nio-8080-exec-9] DEBUG org.hibernate.SQL - 
    select
        p1_0.user_id,
        p1_1.id,
        p1_1.created_at,
        p1_1.created_by,
        p1_1.name,
        t1_0.profile_id,
        t1_1.id,
        t1_1.created_at,
        t1_1.created_by,
        t1_1.icon,
        t1_1.name,
        t1_1.parent_id,
        t1_1.route,
        st1_0.parent_id,
        st1_0.id,
        st1_0.created_at,
        st1_0.created_by,
        st1_0.icon,
        st1_0.name,
        st1_0.route,
        st1_0.updated_at,
        st1_0.updated_by,
        t1_1.updated_at,
        t1_1.updated_by,
        p1_1.updated_at,
        p1_1.updated_by 
    from
        user_profiles p1_0 
    join
        profiles p1_1 
            on p1_1.id=p1_0.profile_id 
    left join
        profile_transactions t1_0 
            on p1_1.id=t1_0.profile_id 
    left join
        transactions t1_1 
            on t1_1.id=t1_0.transaction_id 
    left join
        transactions st1_0 
            on t1_1.id=st1_0.parent_id 
    where
        p1_0.user_id=?
2026-09-30 10:54:05 [http-nio-8080-exec-9] DEBUG org.hibernate.SQL - 
    select
        p1_0.user_id,
        p1_1.id,
        p1_1.created_at,
        p1_1.created_by,
        p1_1.name,
        t1_0.profile_id,
        t1_1.id,
        t1_1.created_at,
        t1_1.created_by,
        t1_1.icon,
        t1_1.name,
        t1_1.parent_id,
        t1_1.route,
        st1_0.parent_id,
        st1_0.id,
        st1_0.created_at,
        st1_0.created_by,
        st1_0.icon,
        st1_0.name,
        st1_0.route,
        st1_0.updated_at,
        st1_0.updated_by,
        t1_1.updated_at,
        t1_1.updated_by,
        p1_1.updated_at,
        p1_1.updated_by 
    from
        user_profiles p1_0 
    join
        profiles p1_1 
            on p1_1.id=p1_0.profile_id 
    left join
        profile_transactions t1_0 
            on p1_1.id=t1_0.profile_id 
    left join
        transactions t1_1 
            on t1_1.id=t1_0.transaction_id 
    left join
        transactions st1_0 
            on t1_1.id=st1_0.parent_id 
    where
        p1_0.user_id=?
2026-09-30 10:54:05 [http-nio-8080-exec-10] DEBUG org.hibernate.SQL - 
    select
        p1_0.id,
        p1_0.created_at,
        p1_0.created_by,
        p1_0.name,
        p1_0.updated_at,
        p1_0.updated_by 
    from
        profiles p1_0
2026-09-30 10:54:05 [http-nio-8080-exec-10] DEBUG org.hibernate.SQL - 
    select
        t1_0.profile_id,
        t1_1.id,
        t1_1.created_at,
        t1_1.created_by,
        t1_1.icon,
        t1_1.name,
        t1_1.parent_id,
        t1_1.route,
        st1_0.parent_id,
        st1_0.id,
        st1_0.created_at,
        st1_0.created_by,
        st1_0.icon,
        st1_0.name,
        st1_0.route,
        st1_0.updated_at,
        st1_0.updated_by,
        t1_1.updated_at,
        t1_1.updated_by 
    from
        profile_transactions t1_0 
    join
        transactions t1_1 
            on t1_1.id=t1_0.transaction_id 
    left join
        transactions st1_0 
            on t1_1.id=st1_0.parent_id 
    where
        t1_0.profile_id=?
2026-09-30 10:54:05 [http-nio-8080-exec-10] DEBUG org.hibernate.SQL - 
    select
        t1_0.profile_id,
        t1_1.id,
        t1_1.created_at,
        t1_1.created_by,
        t1_1.icon,
        t1_1.name,
        t1_1.parent_id,
        t1_1.route,
        st1_0.parent_id,
        st1_0.id,
        st1_0.created_at,
        st1_0.created_by,
        st1_0.icon,
        st1_0.name,
        st1_0.route,
        st1_0.updated_at,
        st1_0.updated_by,
        t1_1.updated_at,
        t1_1.updated_by 
    from
        profile_transactions t1_0 
    join
        transactions t1_1 
            on t1_1.id=t1_0.transaction_id 
    left join
        transactions st1_0 
            on t1_1.id=st1_0.parent_id 
    where
        t1_0.profile_id=?
2026-09-30 10:54:05 [http-nio-8080-exec-10] DEBUG org.hibernate.SQL - 
    select
        t1_0.profile_id,
        t1_1.id,
        t1_1.created_at,
        t1_1.created_by,
        t1_1.icon,
        t1_1.name,
        t1_1.parent_id,
        t1_1.route,
        st1_0.parent_id,
        st1_0.id,
        st1_0.created_at,
        st1_0.created_by,
        st1_0.icon,
        st1_0.name,
        st1_0.route,
        st1_0.updated_at,
        st1_0.updated_by,
        t1_1.updated_at,
        t1_1.updated_by 
    from
        profile_transactions t1_0 
    join
        transactions t1_1 
            on t1_1.id=t1_0.transaction_id 
    left join
        transactions st1_0 
            on t1_1.id=st1_0.parent_id 
    where
        t1_0.profile_id=?
2026-09-30 10:54:06 [http-nio-8080-exec-1] DEBUG org.hibernate.SQL - 
    select
        p1_0.id,
        p1_0.created_at,
        p1_0.created_by,
        p1_0.name,
        p1_0.updated_at,
        p1_0.updated_by 
    from
        profiles p1_0
2026-09-30 10:54:06 [http-nio-8080-exec-1] DEBUG org.hibernate.SQL - 
    select
        t1_0.profile_id,
        t1_1.id,
        t1_1.created_at,
        t1_1.created_by,
        t1_1.icon,
        t1_1.name,
        t1_1.parent_id,
        t1_1.route,
        st1_0.parent_id,
        st1_0.id,
        st1_0.created_at,
        st1_0.created_by,
        st1_0.icon,
        st1_0.name,
        st1_0.route,
        st1_0.updated_at,
        st1_0.updated_by,
        t1_1.updated_at,
        t1_1.updated_by 
    from
        profile_transactions t1_0 
    join
        transactions t1_1 
            on t1_1.id=t1_0.transaction_id 
    left join
        transactions st1_0 
            on t1_1.id=st1_0.parent_id 
    where
        t1_0.profile_id=?
2026-09-30 10:54:06 [http-nio-8080-exec-1] DEBUG org.hibernate.SQL - 
    select
        t1_0.profile_id,
        t1_1.id,
        t1_1.created_at,
        t1_1.created_by,
        t1_1.icon,
        t1_1.name,
        t1_1.parent_id,
        t1_1.route,
        st1_0.parent_id,
        st1_0.id,
        st1_0.created_at,
        st1_0.created_by,
        st1_0.icon,
        st1_0.name,
        st1_0.route,
        st1_0.updated_at,
        st1_0.updated_by,
        t1_1.updated_at,
        t1_1.updated_by 
    from
        profile_transactions t1_0 
    join
        transactions t1_1 
            on t1_1.id=t1_0.transaction_id 
    left join
        transactions st1_0 
            on t1_1.id=st1_0.parent_id 
    where
        t1_0.profile_id=?
2026-09-30 10:54:06 [http-nio-8080-exec-1] DEBUG org.hibernate.SQL - 
    select
        t1_0.profile_id,
        t1_1.id,
        t1_1.created_at,
        t1_1.created_by,
        t1_1.icon,
        t1_1.name,
        t1_1.parent_id,
        t1_1.route,
        st1_0.parent_id,
        st1_0.id,
        st1_0.created_at,
        st1_0.created_by,
        st1_0.icon,
        st1_0.name,
        st1_0.route,
        st1_0.updated_at,
        st1_0.updated_by,
        t1_1.updated_at,
        t1_1.updated_by 
    from
        profile_transactions t1_0 
    join
        transactions t1_1 
            on t1_1.id=t1_0.transaction_id 
    left join
        transactions st1_0 
            on t1_1.id=st1_0.parent_id 
    where
        t1_0.profile_id=?
2026-09-30 10:54:06 [http-nio-8080-exec-3] DEBUG org.hibernate.SQL - 
    select
        t1_0.id,
        t1_0.created_at,
        t1_0.created_by,
        t1_0.icon,
        t1_0.name,
        t1_0.parent_id,
        t1_0.route,
        t1_0.updated_at,
        t1_0.updated_by 
    from
        transactions t1_0
2026-09-30 10:54:07 [http-nio-8080-exec-2] DEBUG org.hibernate.SQL - 
    select
        t1_0.id,
        t1_0.created_at,
        t1_0.created_by,
        t1_0.icon,
        t1_0.name,
        t1_0.parent_id,
        t1_0.route,
        t1_0.updated_at,
        t1_0.updated_by 
    from
        transactions t1_0
2026-09-30 11:46:41 [http-nio-8080-exec-5] DEBUG org.hibernate.SQL - 
    select
        t1_0.id,
        t1_0.created_at,
        t1_0.created_by,
        t1_0.icon,
        t1_0.name,
        t1_0.parent_id,
        t1_0.route,
        t1_0.updated_at,
        t1_0.updated_by 
    from
        transactions t1_0
2026-09-30 13:23:39 [http-nio-8080-exec-7] DEBUG org.hibernate.SQL - 
    select
        u1_0.id,
        u1_0.active,
        u1_0.created_at,
        u1_0.created_by,
        u1_0.email,
        u1_0.first_name,
        u1_0.has_active_fine,
        u1_0.last_name,
        u1_0.password,
        u1_0.tax_id,
        u1_0.updated_at,
        u1_0.updated_by 
    from
        users u1_0
2026-09-30 13:23:39 [http-nio-8080-exec-7] DEBUG org.hibernate.SQL - 
    select
        p1_0.user_id,
        p1_1.id,
        p1_1.created_at,
        p1_1.created_by,
        p1_1.name,
        t1_0.profile_id,
        t1_1.id,
        t1_1.created_at,
        t1_1.created_by,
        t1_1.icon,
        t1_1.name,
        t1_1.parent_id,
        t1_1.route,
        st1_0.parent_id,
        st1_0.id,
        st1_0.created_at,
        st1_0.created_by,
        st1_0.icon,
        st1_0.name,
        st1_0.route,
        st1_0.updated_at,
        st1_0.updated_by,
        t1_1.updated_at,
        t1_1.updated_by,
        p1_1.updated_at,
        p1_1.updated_by 
    from
        user_profiles p1_0 
    join
        profiles p1_1 
            on p1_1.id=p1_0.profile_id 
    left join
        profile_transactions t1_0 
            on p1_1.id=t1_0.profile_id 
    left join
        transactions t1_1 
            on t1_1.id=t1_0.transaction_id 
    left join
        transactions st1_0 
            on t1_1.id=st1_0.parent_id 
    where
        p1_0.user_id=?
2026-09-30 13:23:39 [http-nio-8080-exec-7] DEBUG org.hibernate.SQL - 
    select
        p1_0.user_id,
        p1_1.id,
        p1_1.created_at,
        p1_1.created_by,
        p1_1.name,
        t1_0.profile_id,
        t1_1.id,
        t1_1.created_at,
        t1_1.created_by,
        t1_1.icon,
        t1_1.name,
        t1_1.parent_id,
        t1_1.route,
        st1_0.parent_id,
        st1_0.id,
        st1_0.created_at,
        st1_0.created_by,
        st1_0.icon,
        st1_0.name,
        st1_0.route,
        st1_0.updated_at,
        st1_0.updated_by,
        t1_1.updated_at,
        t1_1.updated_by,
        p1_1.updated_at,
        p1_1.updated_by 
    from
        user_profiles p1_0 
    join
        profiles p1_1 
            on p1_1.id=p1_0.profile_id 
    left join
        profile_transactions t1_0 
            on p1_1.id=t1_0.profile_id 
    left join
        transactions t1_1 
            on t1_1.id=t1_0.transaction_id 
    left join
        transactions st1_0 
            on t1_1.id=st1_0.parent_id 
    where
        p1_0.user_id=?
2026-09-30 13:23:39 [http-nio-8080-exec-7] DEBUG org.hibernate.SQL - 
    select
        p1_0.user_id,
        p1_1.id,
        p1_1.created_at,
        p1_1.created_by,
        p1_1.name,
        t1_0.profile_id,
        t1_1.id,
        t1_1.created_at,
        t1_1.created_by,
        t1_1.icon,
        t1_1.name,
        t1_1.parent_id,
        t1_1.route,
        st1_0.parent_id,
        st1_0.id,
        st1_0.created_at,
        st1_0.created_by,
        st1_0.icon,
        st1_0.name,
        st1_0.route,
        st1_0.updated_at,
        st1_0.updated_by,
        t1_1.updated_at,
        t1_1.updated_by,
        p1_1.updated_at,
        p1_1.updated_by 
    from
        user_profiles p1_0 
    join
        profiles p1_1 
            on p1_1.id=p1_0.profile_id 
    left join
        profile_transactions t1_0 
            on p1_1.id=t1_0.profile_id 
    left join
        transactions t1_1 
            on t1_1.id=t1_0.transaction_id 
    left join
        transactions st1_0 
            on t1_1.id=st1_0.parent_id 
    where
        p1_0.user_id=?
2026-09-30 13:23:39 [http-nio-8080-exec-7] DEBUG org.hibernate.SQL - 
    select
        p1_0.user_id,
        p1_1.id,
        p1_1.created_at,
        p1_1.created_by,
        p1_1.name,
        t1_0.profile_id,
        t1_1.id,
        t1_1.created_at,
        t1_1.created_by,
        t1_1.icon,
        t1_1.name,
        t1_1.parent_id,
        t1_1.route,
        st1_0.parent_id,
        st1_0.id,
        st1_0.created_at,
        st1_0.created_by,
        st1_0.icon,
        st1_0.name,
        st1_0.route,
        st1_0.updated_at,
        st1_0.updated_by,
        t1_1.updated_at,
        t1_1.updated_by,
        p1_1.updated_at,
        p1_1.updated_by 
    from
        user_profiles p1_0 
    join
        profiles p1_1 
            on p1_1.id=p1_0.profile_id 
    left join
        profile_transactions t1_0 
            on p1_1.id=t1_0.profile_id 
    left join
        transactions t1_1 
            on t1_1.id=t1_0.transaction_id 
    left join
        transactions st1_0 
            on t1_1.id=st1_0.parent_id 
    where
        p1_0.user_id=?
2026-09-30 13:23:44 [http-nio-8080-exec-9] DEBUG org.hibernate.SQL - 
    select
        u1_0.id,
        u1_0.active,
        u1_0.created_at,
        u1_0.created_by,
        u1_0.email,
        u1_0.first_name,
        u1_0.has_active_fine,
        u1_0.last_name,
        u1_0.password,
        u1_0.tax_id,
        u1_0.updated_at,
        u1_0.updated_by 
    from
        users u1_0
2026-09-30 13:23:44 [http-nio-8080-exec-9] DEBUG org.hibernate.SQL - 
    select
        p1_0.user_id,
        p1_1.id,
        p1_1.created_at,
        p1_1.created_by,
        p1_1.name,
        t1_0.profile_id,
        t1_1.id,
        t1_1.created_at,
        t1_1.created_by,
        t1_1.icon,
        t1_1.name,
        t1_1.parent_id,
        t1_1.route,
        st1_0.parent_id,
        st1_0.id,
        st1_0.created_at,
        st1_0.created_by,
        st1_0.icon,
        st1_0.name,
        st1_0.route,
        st1_0.updated_at,
        st1_0.updated_by,
        t1_1.updated_at,
        t1_1.updated_by,
        p1_1.updated_at,
        p1_1.updated_by 
    from
        user_profiles p1_0 
    join
        profiles p1_1 
            on p1_1.id=p1_0.profile_id 
    left join
        profile_transactions t1_0 
            on p1_1.id=t1_0.profile_id 
    left join
        transactions t1_1 
            on t1_1.id=t1_0.transaction_id 
    left join
        transactions st1_0 
            on t1_1.id=st1_0.parent_id 
    where
        p1_0.user_id=?
2026-09-30 13:23:44 [http-nio-8080-exec-10] DEBUG org.hibernate.SQL - 
    select
        p1_0.id,
        p1_0.created_at,
        p1_0.created_by,
        p1_0.name,
        p1_0.updated_at,
        p1_0.updated_by 
    from
        profiles p1_0
2026-09-30 13:23:44 [http-nio-8080-exec-9] DEBUG org.hibernate.SQL - 
    select
        p1_0.user_id,
        p1_1.id,
        p1_1.created_at,
        p1_1.created_by,
        p1_1.name,
        t1_0.profile_id,
        t1_1.id,
        t1_1.created_at,
        t1_1.created_by,
        t1_1.icon,
        t1_1.name,
        t1_1.parent_id,
        t1_1.route,
        st1_0.parent_id,
        st1_0.id,
        st1_0.created_at,
        st1_0.created_by,
        st1_0.icon,
        st1_0.name,
        st1_0.route,
        st1_0.updated_at,
        st1_0.updated_by,
        t1_1.updated_at,
        t1_1.updated_by,
        p1_1.updated_at,
        p1_1.updated_by 
    from
        user_profiles p1_0 
    join
        profiles p1_1 
            on p1_1.id=p1_0.profile_id 
    left join
        profile_transactions t1_0 
            on p1_1.id=t1_0.profile_id 
    left join
        transactions t1_1 
            on t1_1.id=t1_0.transaction_id 
    left join
        transactions st1_0 
            on t1_1.id=st1_0.parent_id 
    where
        p1_0.user_id=?
2026-09-30 13:23:44 [http-nio-8080-exec-10] DEBUG org.hibernate.SQL - 
    select
        t1_0.profile_id,
        t1_1.id,
        t1_1.created_at,
        t1_1.created_by,
        t1_1.icon,
        t1_1.name,
        t1_1.parent_id,
        t1_1.route,
        st1_0.parent_id,
        st1_0.id,
        st1_0.created_at,
        st1_0.created_by,
        st1_0.icon,
        st1_0.name,
        st1_0.route,
        st1_0.updated_at,
        st1_0.updated_by,
        t1_1.updated_at,
        t1_1.updated_by 
    from
        profile_transactions t1_0 
    join
        transactions t1_1 
            on t1_1.id=t1_0.transaction_id 
    left join
        transactions st1_0 
            on t1_1.id=st1_0.parent_id 
    where
        t1_0.profile_id=?
2026-09-30 13:23:44 [http-nio-8080-exec-9] DEBUG org.hibernate.SQL - 
    select
        p1_0.user_id,
        p1_1.id,
        p1_1.created_at,
        p1_1.created_by,
        p1_1.name,
        t1_0.profile_id,
        t1_1.id,
        t1_1.created_at,
        t1_1.created_by,
        t1_1.icon,
        t1_1.name,
        t1_1.parent_id,
        t1_1.route,
        st1_0.parent_id,
        st1_0.id,
        st1_0.created_at,
        st1_0.created_by,
        st1_0.icon,
        st1_0.name,
        st1_0.route,
        st1_0.updated_at,
        st1_0.updated_by,
        t1_1.updated_at,
        t1_1.updated_by,
        p1_1.updated_at,
        p1_1.updated_by 
    from
        user_profiles p1_0 
    join
        profiles p1_1 
            on p1_1.id=p1_0.profile_id 
    left join
        profile_transactions t1_0 
            on p1_1.id=t1_0.profile_id 
    left join
        transactions t1_1 
            on t1_1.id=t1_0.transaction_id 
    left join
        transactions st1_0 
            on t1_1.id=st1_0.parent_id 
    where
        p1_0.user_id=?
2026-09-30 13:23:44 [http-nio-8080-exec-10] DEBUG org.hibernate.SQL - 
    select
        t1_0.profile_id,
        t1_1.id,
        t1_1.created_at,
        t1_1.created_by,
        t1_1.icon,
        t1_1.name,
        t1_1.parent_id,
        t1_1.route,
        st1_0.parent_id,
        st1_0.id,
        st1_0.created_at,
        st1_0.created_by,
        st1_0.icon,
        st1_0.name,
        st1_0.route,
        st1_0.updated_at,
        st1_0.updated_by,
        t1_1.updated_at,
        t1_1.updated_by 
    from
        profile_transactions t1_0 
    join
        transactions t1_1 
            on t1_1.id=t1_0.transaction_id 
    left join
        transactions st1_0 
            on t1_1.id=st1_0.parent_id 
    where
        t1_0.profile_id=?
2026-09-30 13:23:44 [http-nio-8080-exec-9] DEBUG org.hibernate.SQL - 
    select
        p1_0.user_id,
        p1_1.id,
        p1_1.created_at,
        p1_1.created_by,
        p1_1.name,
        t1_0.profile_id,
        t1_1.id,
        t1_1.created_at,
        t1_1.created_by,
        t1_1.icon,
        t1_1.name,
        t1_1.parent_id,
        t1_1.route,
        st1_0.parent_id,
        st1_0.id,
        st1_0.created_at,
        st1_0.created_by,
        st1_0.icon,
        st1_0.name,
        st1_0.route,
        st1_0.updated_at,
        st1_0.updated_by,
        t1_1.updated_at,
        t1_1.updated_by,
        p1_1.updated_at,
        p1_1.updated_by 
    from
        user_profiles p1_0 
    join
        profiles p1_1 
            on p1_1.id=p1_0.profile_id 
    left join
        profile_transactions t1_0 
            on p1_1.id=t1_0.profile_id 
    left join
        transactions t1_1 
            on t1_1.id=t1_0.transaction_id 
    left join
        transactions st1_0 
            on t1_1.id=st1_0.parent_id 
    where
        p1_0.user_id=?
2026-09-30 13:23:44 [http-nio-8080-exec-10] DEBUG org.hibernate.SQL - 
    select
        t1_0.profile_id,
        t1_1.id,
        t1_1.created_at,
        t1_1.created_by,
        t1_1.icon,
        t1_1.name,
        t1_1.parent_id,
        t1_1.route,
        st1_0.parent_id,
        st1_0.id,
        st1_0.created_at,
        st1_0.created_by,
        st1_0.icon,
        st1_0.name,
        st1_0.route,
        st1_0.updated_at,
        st1_0.updated_by,
        t1_1.updated_at,
        t1_1.updated_by 
    from
        profile_transactions t1_0 
    join
        transactions t1_1 
            on t1_1.id=t1_0.transaction_id 
    left join
        transactions st1_0 
            on t1_1.id=st1_0.parent_id 
    where
        t1_0.profile_id=?
2026-09-30 13:24:34 [http-nio-8080-exec-3] DEBUG org.hibernate.SQL - 
    select
        p1_0.id,
        p1_0.created_at,
        p1_0.created_by,
        p1_0.name,
        t1_0.profile_id,
        t1_1.id,
        t1_1.created_at,
        t1_1.created_by,
        t1_1.icon,
        t1_1.name,
        t1_1.parent_id,
        t1_1.route,
        st1_0.parent_id,
        st1_0.id,
        st1_0.created_at,
        st1_0.created_by,
        st1_0.icon,
        st1_0.name,
        st1_0.route,
        st1_0.updated_at,
        st1_0.updated_by,
        t1_1.updated_at,
        t1_1.updated_by,
        p1_0.updated_at,
        p1_0.updated_by 
    from
        profiles p1_0 
    left join
        profile_transactions t1_0 
            on p1_0.id=t1_0.profile_id 
    left join
        transactions t1_1 
            on t1_1.id=t1_0.transaction_id 
    left join
        transactions st1_0 
            on t1_1.id=st1_0.parent_id 
    where
        p1_0.id=?
2026-09-30 13:24:34 [http-nio-8080-exec-3] DEBUG org.hibernate.SQL - 
    select
        p1_0.id,
        p1_0.created_at,
        p1_0.created_by,
        p1_0.name,
        t1_0.profile_id,
        t1_1.id,
        t1_1.created_at,
        t1_1.created_by,
        t1_1.icon,
        t1_1.name,
        t1_1.parent_id,
        t1_1.route,
        st1_0.parent_id,
        st1_0.id,
        st1_0.created_at,
        st1_0.created_by,
        st1_0.icon,
        st1_0.name,
        st1_0.route,
        st1_0.updated_at,
        st1_0.updated_by,
        t1_1.updated_at,
        t1_1.updated_by,
        p1_0.updated_at,
        p1_0.updated_by 
    from
        profiles p1_0 
    left join
        profile_transactions t1_0 
            on p1_0.id=t1_0.profile_id 
    left join
        transactions t1_1 
            on t1_1.id=t1_0.transaction_id 
    left join
        transactions st1_0 
            on t1_1.id=st1_0.parent_id 
    where
        p1_0.id=?
2026-09-30 13:24:34 [http-nio-8080-exec-3] DEBUG org.hibernate.SQL - 
    select
        p1_0.id,
        p1_0.created_at,
        p1_0.created_by,
        p1_0.name,
        t1_0.profile_id,
        t1_1.id,
        t1_1.created_at,
        t1_1.created_by,
        t1_1.icon,
        t1_1.name,
        t1_1.parent_id,
        t1_1.route,
        st1_0.parent_id,
        st1_0.id,
        st1_0.created_at,
        st1_0.created_by,
        st1_0.icon,
        st1_0.name,
        st1_0.route,
        st1_0.updated_at,
        st1_0.updated_by,
        t1_1.updated_at,
        t1_1.updated_by,
        p1_0.updated_at,
        p1_0.updated_by 
    from
        profiles p1_0 
    left join
        profile_transactions t1_0 
            on p1_0.id=t1_0.profile_id 
    left join
        transactions t1_1 
            on t1_1.id=t1_0.transaction_id 
    left join
        transactions st1_0 
            on t1_1.id=st1_0.parent_id 
    where
        p1_0.id=?
2026-09-30 13:24:34 [http-nio-8080-exec-3] DEBUG org.hibernate.SQL - 
    insert 
    into
        users
        (active, created_at, created_by, email, first_name, has_active_fine, last_name, password, tax_id, updated_at, updated_by, id) 
    values
        (?, ?, ?, ?, ?, ?, ?, ?, ?, ?, ?, ?)
2026-09-30 13:24:34 [http-nio-8080-exec-3] DEBUG org.hibernate.SQL - 
    insert 
    into
        user_profiles
        (user_id, profile_id) 
    values
        (?, ?)
2026-09-30 13:24:34 [http-nio-8080-exec-3] DEBUG org.hibernate.SQL - 
    insert 
    into
        user_profiles
        (user_id, profile_id) 
    values
        (?, ?)
2026-09-30 13:24:34 [http-nio-8080-exec-3] DEBUG org.hibernate.SQL - 
    insert 
    into
        user_profiles
        (user_id, profile_id) 
    values
        (?, ?)
2026-09-30 13:24:34 [http-nio-8080-exec-2] DEBUG org.hibernate.SQL - 
    select
        u1_0.id,
        u1_0.active,
        u1_0.created_at,
        u1_0.created_by,
        u1_0.email,
        u1_0.first_name,
        u1_0.has_active_fine,
        u1_0.last_name,
        u1_0.password,
        u1_0.tax_id,
        u1_0.updated_at,
        u1_0.updated_by 
    from
        users u1_0
2026-09-30 13:24:34 [http-nio-8080-exec-2] DEBUG org.hibernate.SQL - 
    select
        p1_0.user_id,
        p1_1.id,
        p1_1.created_at,
        p1_1.created_by,
        p1_1.name,
        t1_0.profile_id,
        t1_1.id,
        t1_1.created_at,
        t1_1.created_by,
        t1_1.icon,
        t1_1.name,
        t1_1.parent_id,
        t1_1.route,
        st1_0.parent_id,
        st1_0.id,
        st1_0.created_at,
        st1_0.created_by,
        st1_0.icon,
        st1_0.name,
        st1_0.route,
        st1_0.updated_at,
        st1_0.updated_by,
        t1_1.updated_at,
        t1_1.updated_by,
        p1_1.updated_at,
        p1_1.updated_by 
    from
        user_profiles p1_0 
    join
        profiles p1_1 
            on p1_1.id=p1_0.profile_id 
    left join
        profile_transactions t1_0 
            on p1_1.id=t1_0.profile_id 
    left join
        transactions t1_1 
            on t1_1.id=t1_0.transaction_id 
    left join
        transactions st1_0 
            on t1_1.id=st1_0.parent_id 
    where
        p1_0.user_id=?
2026-09-30 13:24:34 [http-nio-8080-exec-2] DEBUG org.hibernate.SQL - 
    select
        p1_0.user_id,
        p1_1.id,
        p1_1.created_at,
        p1_1.created_by,
        p1_1.name,
        t1_0.profile_id,
        t1_1.id,
        t1_1.created_at,
        t1_1.created_by,
        t1_1.icon,
        t1_1.name,
        t1_1.parent_id,
        t1_1.route,
        st1_0.parent_id,
        st1_0.id,
        st1_0.created_at,
        st1_0.created_by,
        st1_0.icon,
        st1_0.name,
        st1_0.route,
        st1_0.updated_at,
        st1_0.updated_by,
        t1_1.updated_at,
        t1_1.updated_by,
        p1_1.updated_at,
        p1_1.updated_by 
    from
        user_profiles p1_0 
    join
        profiles p1_1 
            on p1_1.id=p1_0.profile_id 
    left join
        profile_transactions t1_0 
            on p1_1.id=t1_0.profile_id 
    left join
        transactions t1_1 
            on t1_1.id=t1_0.transaction_id 
    left join
        transactions st1_0 
            on t1_1.id=st1_0.parent_id 
    where
        p1_0.user_id=?
2026-09-30 13:24:34 [http-nio-8080-exec-2] DEBUG org.hibernate.SQL - 
    select
        p1_0.user_id,
        p1_1.id,
        p1_1.created_at,
        p1_1.created_by,
        p1_1.name,
        t1_0.profile_id,
        t1_1.id,
        t1_1.created_at,
        t1_1.created_by,
        t1_1.icon,
        t1_1.name,
        t1_1.parent_id,
        t1_1.route,
        st1_0.parent_id,
        st1_0.id,
        st1_0.created_at,
        st1_0.created_by,
        st1_0.icon,
        st1_0.name,
        st1_0.route,
        st1_0.updated_at,
        st1_0.updated_by,
        t1_1.updated_at,
        t1_1.updated_by,
        p1_1.updated_at,
        p1_1.updated_by 
    from
        user_profiles p1_0 
    join
        profiles p1_1 
            on p1_1.id=p1_0.profile_id 
    left join
        profile_transactions t1_0 
            on p1_1.id=t1_0.profile_id 
    left join
        transactions t1_1 
            on t1_1.id=t1_0.transaction_id 
    left join
        transactions st1_0 
            on t1_1.id=st1_0.parent_id 
    where
        p1_0.user_id=?
2026-09-30 13:24:34 [http-nio-8080-exec-2] DEBUG org.hibernate.SQL - 
    select
        p1_0.user_id,
        p1_1.id,
        p1_1.created_at,
        p1_1.created_by,
        p1_1.name,
        t1_0.profile_id,
        t1_1.id,
        t1_1.created_at,
        t1_1.created_by,
        t1_1.icon,
        t1_1.name,
        t1_1.parent_id,
        t1_1.route,
        st1_0.parent_id,
        st1_0.id,
        st1_0.created_at,
        st1_0.created_by,
        st1_0.icon,
        st1_0.name,
        st1_0.route,
        st1_0.updated_at,
        st1_0.updated_by,
        t1_1.updated_at,
        t1_1.updated_by,
        p1_1.updated_at,
        p1_1.updated_by 
    from
        user_profiles p1_0 
    join
        profiles p1_1 
            on p1_1.id=p1_0.profile_id 
    left join
        profile_transactions t1_0 
            on p1_1.id=t1_0.profile_id 
    left join
        transactions t1_1 
            on t1_1.id=t1_0.transaction_id 
    left join
        transactions st1_0 
            on t1_1.id=st1_0.parent_id 
    where
        p1_0.user_id=?
2026-09-30 13:24:34 [http-nio-8080-exec-2] DEBUG org.hibernate.SQL - 
    select
        p1_0.user_id,
        p1_1.id,
        p1_1.created_at,
        p1_1.created_by,
        p1_1.name,
        t1_0.profile_id,
        t1_1.id,
        t1_1.created_at,
        t1_1.created_by,
        t1_1.icon,
        t1_1.name,
        t1_1.parent_id,
        t1_1.route,
        st1_0.parent_id,
        st1_0.id,
        st1_0.created_at,
        st1_0.created_by,
        st1_0.icon,
        st1_0.name,
        st1_0.route,
        st1_0.updated_at,
        st1_0.updated_by,
        t1_1.updated_at,
        t1_1.updated_by,
        p1_1.updated_at,
        p1_1.updated_by 
    from
        user_profiles p1_0 
    join
        profiles p1_1 
            on p1_1.id=p1_0.profile_id 
    left join
        profile_transactions t1_0 
            on p1_1.id=t1_0.profile_id 
    left join
        transactions t1_1 
            on t1_1.id=t1_0.transaction_id 
    left join
        transactions st1_0 
            on t1_1.id=st1_0.parent_id 
    where
        p1_0.user_id=?
